scorer,,,DLC_Resnet50_Capstone-project-DLCMar8shuffle1_snapshot_300,DLC_Resnet50_Capstone-project-DLCMar8shuffle1_snapshot_300,DLC_Resnet50_Capstone-project-DLCMar8shuffle1_snapshot_300,DLC_Resnet50_Capstone-project-DLCMar8shuffle1_snapshot_300,DLC_Resnet50_Capstone-project-DLCMar8shuffle1_snapshot_300,DLC_Resnet50_Capstone-project-DLCMar8shuffle1_snapshot_300,DLC_Resnet50_Capstone-project-DLCMar8shuffle1_snapshot_300,DLC_Resnet50_Capstone-project-DLCMar8shuffle1_snapshot_300,DLC_Resnet50_Capstone-project-DLCMar8shuffle1_snapshot_300,DLC_Resnet50_Capstone-project-DLCMar8shuffle1_snapshot_300,DLC_Resnet50_Capstone-project-DLCMar8shuffle1_snapshot_300,DLC_Resnet50_Capstone-project-DLCMar8shuffle1_snapshot_300,DLC_Resnet50_Capstone-project-DLCMar8shuffle1_snapshot_300,DLC_Resnet50_Capstone-project-DLCMar8shuffle1_snapshot_300,DLC_Resnet50_Capstone-project-DLCMar8shuffle1_snapshot_300,DLC_Resnet50_Capstone-project-DLCMar8shuffle1_snapshot_300,DLC_Resnet50_Capstone-project-DLCMar8shuffle1_snapshot_300,DLC_Resnet50_Capstone-project-DLCMar8shuffle1_snapshot_300,DLC_Resnet50_Capstone-project-DLCMar8shuffle1_snapshot_300,DLC_Resnet50_Capstone-project-DLCMar8shuffle1_snapshot_300,DLC_Resnet50_Capstone-project-DLCMar8shuffle1_snapshot_300
bodyparts,,,Nose,Nose,Nose,Left_Ear,Left_Ear,Left_Ear,Right_Ear,Right_Ear,Right_Ear,Body_Center,Body_Center,Body_Center,Left_Body,Left_Body,Left_Body,Right_Body,Right_Body,Right_Body,Tail_Base,Tail_Base,Tail_Base
coords,,,x,y,likelihood,x,y,likelihood,x,y,likelihood,x,y,likelihood,x,y,likelihood,x,y,likelihood,x,y,likelihood
labeled-data,P20221101_Video,img0069.png,116.54766,148.97856,0.21188138,117.56634,159.31648,0.15656014,122.52567,154.50128,0.275501,122.71099,162.02777,0.048490167,217.0513,13.704688,0.032678634,125.04419,164.87584,0.065216385,118.842,145.07568,0.10727976
labeled-data,P20221101_Video,img0070.png,116.91605,148.75778,0.19345887,117.62721,159.51935,0.13426164,122.499306,154.43117,0.24319819,207.001,24.490234,0.03378563,217.60454,13.483808,0.070368394,127.52951,162.01166,0.0418361,119.02643,145.14185,0.08130269
labeled-data,P20221101_Video,img0071.png,116.841934,148.8062,0.19831301,117.626335,159.51596,0.1397373,122.54977,154.52643,0.24585082,115.60077,159.75609,0.036753483,119.4987,157.09366,0.026861839,127.65634,162.04683,0.040562004,119.098335,145.07169,0.0925702
labeled-data,P20221101_Video,img0082.png,118.692604,172.25601,0.2532023,117.83808,161.01668,0.26686478,115.21681,164.2277,0.30152813,115.098305,154.59491,0.10266482,118.52837,153.98225,0.057525154,124.24089,163.75467,0.05661578,118.38789,144.79573,0.21490699
labeled-data,P20221101_Video,img0095.png,117.7496,150.59564,0.29376808,119.34073,165.29388,0.28234288,122.08151,156.79248,0.33558345,114.65565,155.796,0.1077226,117.289024,154.90692,0.0702357,124.4563,164.02696,0.0960271,118.17619,144.72101,0.2056379
labeled-data,P20221101_Video,img0114.png,117.98655,171.90425,0.2843087,117.83482,161.11433,0.31700492,115.05863,163.92998,0.32275283,115.157555,154.48291,0.11649112,120.11168,159.6898,0.072963655,126.017685,160.28748,0.07285882,117.9166,144.80232,0.23931703
labeled-data,P20221101_Video,img0143.png,118.8807,152.89194,0.17184667,122.250244,163.39175,0.29733393,123.36202,163.27818,0.29379854,121.80657,162.44713,0.15345967,122.46761,157.85127,0.12523772,122.74748,163.06206,0.10493963,117.50005,150.54883,0.22911045
labeled-data,P20221101_Video,img0147.png,129.10294,174.7012,0.20252402,123.75384,164.79547,0.3855002,124.895615,167.48401,0.38593617,122.19973,162.5993,0.21318436,125.08129,161.3826,0.1836426,115.242386,159.42758,0.18235847,117.64034,150.52094,0.29529414
labeled-data,P20221101_Video,img0169.png,167.54475,172.16562,0.23882566,152.98132,172.9119,0.21102537,164.33379,175.17384,0.1932508,159.42839,175.713,0.1846593,156.1698,175.82008,0.15793857,160.21425,176.20549,0.16105863,219.1739,25.661303,0.13402653
labeled-data,P20221101_Video,img0170.png,168.51317,172.14954,0.22040252,158.22232,172.29579,0.20816785,165.10555,174.91347,0.18395454,160.52066,175.28123,0.18920429,157.19786,175.4513,0.16334201,161.15666,175.85748,0.1700534,150.6579,176.896,0.12342467
labeled-data,P20221101_Video,img0193.png,173.95085,170.80954,0.35102305,164.65904,165.90784,0.32139352,165.23021,174.03387,0.30270606,142.6301,111.58871,0.06610124,156.99542,155.74306,0.1385465,144.37637,168.11098,0.03183854,150.68907,172.2486,0.07700366
labeled-data,P20221101_Video,img0194.png,175.3616,170.41002,0.52662104,165.46344,164.62674,0.44309667,165.42142,174.15048,0.4152488,143.39874,149.29669,0.10942062,150.15514,149.67055,0.13992502,139.77977,150.98854,0.08014135,137.85385,112.33468,0.06958516
labeled-data,P20221101_Video,img0195.png,173.59094,171.66258,0.29360184,165.20062,164.8223,0.22387277,159.01814,171.86888,0.2060462,145.33214,151.0871,0.08933505,151.55049,151.97092,0.10563908,115.38389,127.8619,0.055987455,159.80417,170.57906,0.042736314
labeled-data,P20221101_Video,img0196.png,174.4392,170.37866,0.4482463,164.52423,164.88553,0.34251505,164.96272,175.13724,0.31942624,147.1525,154.8776,0.08421398,152.69405,146.40681,0.13508101,143.21494,167.87775,0.07681016,167.02861,170.88718,0.044249948
labeled-data,P20221101_Video,img0198.png,171.33307,168.28798,0.11228952,163.08286,163.70088,0.068830796,168.87007,173.71346,0.10602399,130.89404,28.726437,0.024483932,136.35909,28.873327,0.04269681,103.210464,127.57255,0.05666262,195.83253,70.26974,0.074446306
labeled-data,P20221101_Video,img0199.png,175.09796,170.017,0.05682369,165.89227,164.20502,0.0501376,169.53455,175.00945,0.062095907,96.55745,132.26166,0.03448285,106.28244,146.93253,0.044294145,103.36719,127.81537,0.09393679,195.52847,70.50258,0.06315092
labeled-data,P20221101_Video,img0200.png,176.28293,172.35675,0.06359417,166.68094,163.95354,0.038305633,170.0351,176.07935,0.06591106,238.44798,25.170906,0.03880012,136.0752,29.96813,0.03822759,103.46205,127.52245,0.057696115,229.37364,16.049328,0.038202383
labeled-data,P20221101_Video,img0201.png,177.69609,173.3133,0.16502924,167.93419,167.2956,0.08818043,169.41931,176.65717,0.09205704,238.62305,25.208132,0.044440895,153.76793,147.15517,0.050066847,105.945724,128.28291,0.09527033,164.13954,172.73004,0.039197788
labeled-data,P20221101_Video,img0202.png,179.12169,173.55212,0.2860148,168.7998,167.5701,0.15648584,169.08913,177.1383,0.13944384,146.13345,139.75702,0.053193215,155.27596,138.41121,0.130309,108.85154,128.57043,0.11606095,162.92337,172.2328,0.049279984
labeled-data,P20221101_Video,img0204.png,180.65558,173.19385,0.032546412,106.634766,148.35342,0.06110274,171.58089,175.45824,0.059336033,238.80165,25.234001,0.07720477,150.41283,129.6134,0.084375784,111.87491,127.61954,0.19047084,176.74133,172.08939,0.02953631
labeled-data,P20221101_Video,img0205.png,148.02748,133.62329,0.09437791,107.40718,148.83473,0.060195766,170.95544,168.19225,0.036138576,238.79652,25.242867,0.08794357,232.92722,125.80014,0.057035536,110.96872,127.94926,0.13143092,146.43303,122.11043,0.04448344
labeled-data,P20221101_Video,img0206.png,156.8731,135.90073,0.61559695,151.18266,131.76093,0.31456518,151.5545,137.34671,0.32826075,144.57918,124.61619,0.07893189,130.44232,134.85501,0.12843867,157.8951,149.78925,0.050977565,152.86292,163.94917,0.11960855
labeled-data,P20221101_Video,img0207.png,164.78958,171.59572,0.26693913,165.525,163.82434,0.21057825,158.6347,164.5391,0.22531843,166.39798,142.05054,0.038279414,169.1133,142.12038,0.06826331,147.23601,163.77815,0.04778416,230.74413,13.946567,0.033923402
labeled-data,P20221101_Video,img0208.png,165.06541,170.93587,0.16715452,167.7067,163.71394,0.123994805,158.72021,163.23735,0.12499819,168.63899,139.88869,0.048309162,171.31567,140.28065,0.07471377,245.03926,187.5443,0.015305311,161.11888,166.91281,0.02656965
labeled-data,P20221101_Video,img0209.png,148.99092,19.754713,0.05741686,216.83864,130.75296,0.020605708,221.50601,185.1023,0.01281378,26.89604,234.16919,0.020269267,220.24814,140.02435,0.029110238,228.72946,198.29185,0.044069696,212.14139,184.14133,0.031014003
labeled-data,P20221101_Video,img0210.png,216.21149,115.624916,0.029538374,149.77946,13.588402,0.039989077,144.86647,12.5527315,0.030899549,222.19116,138.80533,0.042189296,219.78763,139.34634,0.08414245,235.99713,200.30501,0.03466181,211.56985,183.7753,0.0350987
labeled-data,P20221101_Video,img0211.png,143.45734,101.947754,0.041704282,216.3433,130.41997,0.01978729,156.63152,111.60322,0.021099953,234.86864,123.2723,0.03908231,151.72928,85.055466,0.046360277,229.37888,199.05151,0.03566267,212.02686,184.02094,0.030567639
labeled-data,P20221101_Video,img0212.png,142.76021,127.40159,0.057369586,216.83801,130.08804,0.02323772,153.62325,136.47937,0.026914883,223.25427,139.69818,0.06718555,219.8388,139.90596,0.07962516,229.25267,198.98866,0.04036254,212.24779,181.35182,0.033222802
labeled-data,P20221101_Video,img0213.png,144.95317,130.72594,0.04422227,226.73259,120.400375,0.022545952,153.00452,134.60368,0.040468615,223.07993,140.04575,0.061485186,219.9044,140.27011,0.07901411,228.64384,138.87213,0.0349057,212.15565,181.50151,0.03177031
labeled-data,P20221101_Video,img0214.png,225.196,19.249565,0.02772222,214.05353,121.82467,0.024977151,151.19948,130.68921,0.027090175,223.51962,139.96265,0.06605337,220.2911,140.75403,0.10005626,133.38693,140.82896,0.037127327,134.75085,102.78271,0.065381534
labeled-data,P20221101_Video,img0215.png,142.06001,55.231617,0.089292824,139.09921,62.351,0.0701785,143.9792,59.765167,0.075566694,223.11766,140.35559,0.033900335,220.92099,141.2263,0.04162185,228.96507,199.9649,0.029666584,212.1732,184.72234,0.027065188
labeled-data,P20221101_Video,img0216.png,135.22775,45.334576,0.29794034,132.36581,54.39277,0.1823736,140.42807,53.63021,0.20052981,237.78087,25.052015,0.058960028,220.90321,141.05112,0.05205009,235.41425,39.103966,0.038249567,229.53429,16.855766,0.03671889
labeled-data,P20221101_Video,img0218.png,224.2735,22.661646,0.011232572,129.48843,72.27513,0.027861642,229.76788,17.234564,0.018118525,238.63812,25.15393,0.0773279,129.6456,77.24895,0.05596043,243.84789,19.401497,0.042450104,229.52519,16.79536,0.11256467
labeled-data,P20221101_Video,img0220.png,118.140175,42.133865,0.025968399,105.89551,154.78085,0.026672661,128.95796,48.87106,0.01919671,133.1274,72.25863,0.062469848,128.06783,73.476906,0.15947162,243.81572,19.30134,0.031768803,228.16566,17.282076,0.08216189
labeled-data,P20221101_Video,img0221.png,120.61097,40.31352,0.041522127,105.72629,154.68124,0.027163722,159.94751,132.16637,0.013369348,238.69362,25.182316,0.041445926,232.4183,24.555462,0.027042776,236.01047,38.226887,0.030487167,228.09734,17.274899,0.09009066
labeled-data,P20221101_Video,img0222.png,116.63656,47.35891,0.14393714,116.569954,60.910183,0.02879043,125.75099,51.65931,0.061662395,238.43428,24.956413,0.03406048,232.30537,24.386562,0.022983473,236.23143,38.449574,0.026608743,120.166016,48.46256,0.10362215
labeled-data,P20221101_Video,img0223.png,225.69101,18.520245,0.035504002,228.38309,10.950152,0.015857264,232.26764,14.706539,0.01681439,238.83017,25.222307,0.039433684,236.10872,24.76158,0.027218074,240.72433,16.542196,0.031850155,228.47632,16.878977,0.091383636
labeled-data,P20221101_Video,img0224.png,122.15863,61.934746,0.037653502,124.20096,79.14189,0.031618424,128.75378,67.652054,0.017325683,238.70377,25.131687,0.031679526,237.33705,7.647484,0.02289277,229.02098,200.0074,0.029276453,227.9401,17.442146,0.0914177
labeled-data,P20221101_Video,img0226.png,225.4756,18.988178,0.043504704,121.15308,78.91669,0.02638983,127.9992,68.003716,0.022286704,238.97057,25.216301,0.054249648,232.6203,24.749365,0.035175692,243.82729,19.33104,0.031248432,227.86287,17.685068,0.08649683
labeled-data,P20221101_Video,img0227.png,117.29836,61.299026,0.1253682,120.701,79.01403,0.07519495,127.19216,67.2061,0.05900285,238.92923,25.151943,0.05350975,232.67807,24.676033,0.034743458,229.22725,199.96323,0.03169358,227.95308,17.589928,0.080213055
labeled-data,P20221101_Video,img0228.png,120.1464,61.23245,0.13606133,118.68343,71.12714,0.10748764,127.99623,69.374405,0.12101468,238.9029,25.076466,0.051571906,232.67291,24.579025,0.033362605,229.2997,200.08028,0.032441292,121.286545,60.33828,0.09433882
labeled-data,P20221101_Video,img0230.png,118.36768,61.25172,0.21015532,119.143456,72.64302,0.12495064,128.35434,70.76906,0.16494977,238.87466,24.934246,0.049892962,232.60123,24.67541,0.03382993,244.2456,25.8182,0.02721028,120.31494,61.37902,0.14240247
labeled-data,P20221101_Video,img0231.png,117.85382,61.349693,0.30478474,117.81884,71.664474,0.2343082,127.48479,69.0117,0.30402917,126.18054,85.663765,0.049207367,123.87641,95.392265,0.030447174,128.71097,90.56984,0.03555202,119.50421,62.068726,0.11662128
labeled-data,P20221101_Video,img0233.png,115.371666,64.50495,0.4266679,115.23876,73.61737,0.32979643,125.09165,72.089775,0.4783252,123.87562,89.38507,0.16294982,119.28453,92.06497,0.08405471,129.53668,91.54374,0.14368396,228.43317,16.696966,0.064303264
labeled-data,P20221101_Video,img0234.png,117.674866,71.710205,0.21079743,117.72898,81.78678,0.08204863,125.47187,76.99727,0.08117977,239.33359,25.168907,0.08206677,232.69954,25.287683,0.05372967,244.5175,25.635193,0.042208064,117.93789,72.292496,0.21031544
labeled-data,P20221101_Video,img0235.png,119.955284,76.34752,0.1805976,117.99583,87.48493,0.14559034,125.608055,83.25123,0.08414032,239.09854,25.017862,0.06885778,126.59889,118.89236,0.049036726,244.36443,25.706646,0.035846394,119.89661,76.44762,0.092976056
labeled-data,P20221101_Video,img0236.png,121.431366,75.3169,0.07808885,230.22928,20.533716,0.027920362,123.37578,88.66279,0.026563173,239.37872,25.129108,0.07627652,232.47662,25.02297,0.048511915,244.46577,25.715813,0.039960016,228.78903,16.762573,0.05251629
labeled-data,P20221101_Video,img0237.png,120.69566,96.04134,0.101442784,120.69348,85.20408,0.0939588,118.57476,88.767166,0.14387856,239.2877,25.061556,0.0708474,129.08904,76.96643,0.059855163,244.39828,25.72319,0.037450146,228.79137,16.510233,0.049723513
labeled-data,P20221101_Video,img0238.png,119.31724,96.67861,0.16432016,122.573265,87.26394,0.11848571,118.47881,89.98392,0.17253296,239.26753,25.18057,0.07024597,128.40266,75.05197,0.090518504,113.95779,70.42878,0.038624268,228.22328,17.335398,0.039029993
labeled-data,P20221101_Video,img0239.png,120.01628,95.8603,0.11450171,123.38681,87.52277,0.09823007,121.909706,90.83585,0.1390467,239.26443,25.245552,0.069941245,232.5204,25.211803,0.046878174,244.46976,25.84282,0.037521254,228.09831,17.492798,0.04230483
labeled-data,P20221101_Video,img0240.png,143.62329,10.833449,0.03057613,230.18053,20.484165,0.027399283,229.69572,16.855278,0.0133267585,239.42024,25.156939,0.07971456,232.6378,25.304205,0.0521755,244.57736,25.694242,0.04279683,125.459236,105.49172,0.039291285
labeled-data,P20221101_Video,img0241.png,79.01088,14.52202,0.052318383,83.034515,12.593919,0.075035386,79.23786,11.809557,0.076378055,239.29712,25.08052,0.06468,232.60168,24.932611,0.041910663,244.47235,25.783632,0.036860835,127.55492,108.467834,0.10202515
labeled-data,P20221101_Video,img0242.png,139.21367,32.12367,0.053103518,78.92797,15.069034,0.038584277,77.72242,15.496912,0.047491256,239.47545,25.089085,0.058863208,236.187,24.849754,0.03910926,236.3552,38.378036,0.03529807,228.75993,16.793203,0.054658428
labeled-data,P20221101_Video,img0243.png,125.810486,97.962425,0.13172372,126.87573,117.68109,0.06545139,76.98816,18.495146,0.06685942,239.52669,24.960512,0.06661018,232.74042,24.785223,0.04311357,244.46066,25.709587,0.037152033,228.61945,16.791306,0.073162034
labeled-data,P20221101_Video,img0244.png,138.46901,10.799499,0.099051535,136.96225,16.522987,0.085245974,76.70092,27.373226,0.07247385,239.56639,25.029112,0.05935314,236.07504,25.0278,0.039538458,236.24475,38.44464,0.03574696,228.46207,16.839293,0.09086555
labeled-data,P20221101_Video,img0245.png,138.77016,10.670658,0.17808452,136.08041,21.13363,0.1106373,74.928955,29.182034,0.08475261,239.36916,25.048092,0.059061438,140.06291,33.04015,0.043522414,236.30768,38.662815,0.03520663,228.66663,16.729616,0.069175854
labeled-data,P20221101_Video,img0246.png,73.893654,34.109108,0.088952005,77.72696,25.754677,0.11363288,74.74687,33.015587,0.124545164,239.54018,25.140217,0.05808825,236.15152,25.069572,0.038768627,236.32608,38.622868,0.035759855,228.59435,16.849466,0.07132414
labeled-data,P20221101_Video,img0247.png,73.26428,33.376125,0.099618785,76.37865,27.523216,0.08113586,72.14139,25.987366,0.094979204,239.54123,25.343815,0.060225323,107.84469,133.0852,0.050538108,236.49646,38.42778,0.03807911,130.88525,104.591805,0.09081592
labeled-data,P20221101_Video,img0249.png,72.51397,32.907413,0.06483032,145.46301,155.13216,0.047556937,70.97958,29.897133,0.074277334,239.5657,25.558779,0.058294848,108.07305,133.63399,0.06537503,236.55501,38.39504,0.0369641,131.60297,104.71666,0.12472382
labeled-data,P20221101_Video,img0250.png,72.443405,33.725666,0.06427057,74.62799,32.200783,0.056450464,70.85121,30.435015,0.08561865,239.66214,25.621454,0.06355455,108.216675,133.90117,0.071368545,236.55939,38.63149,0.039616857,132.52061,105.32367,0.1076186
labeled-data,P20221101_Video,img0257.png,132.74985,162.1999,0.16734262,78.30467,36.66995,0.15199752,72.87481,35.472633,0.17900078,143.28494,138.47716,0.07035581,145.61568,137.91586,0.07248482,236.69359,38.70388,0.03678065,131.55768,108.00191,0.20271832
labeled-data,P20221101_Video,img0259.png,73.91703,39.119446,0.12343128,78.05581,36.87743,0.20251635,72.12352,35.58114,0.21504337,79.40331,24.125793,0.07696215,80.95021,24.872345,0.06114299,236.6526,38.58416,0.035274055,131.43259,106.137375,0.15227112
labeled-data,P20221101_Video,img0260.png,135.3067,155.14606,0.1266809,78.1664,36.850567,0.21174501,72.000694,35.68878,0.21884441,79.41147,24.071375,0.076611,113.4382,131.64853,0.065833986,236.66177,38.659515,0.032939684,130.83899,106.88142,0.156661
labeled-data,P20221101_Video,img0261.png,73.25777,38.946148,0.12041785,77.858,36.400913,0.20701338,71.58532,34.958088,0.20903146,79.223145,23.575554,0.07487443,111.84056,132.89828,0.080320455,236.58553,38.64822,0.033416104,131.80682,107.62868,0.14603353
labeled-data,P20221101_Video,img0262.png,134.13702,154.38992,0.16339625,76.67688,35.26076,0.13515137,72.2062,35.00744,0.15537,143.19167,140.60284,0.07035122,111.78103,132.0851,0.072809964,236.58409,38.6313,0.036783364,131.32661,106.12734,0.0927657
labeled-data,P20221101_Video,img0263.png,137.24588,166.2786,0.21529652,76.46734,35.308456,0.13450621,134.70807,158.18753,0.20540065,141.0773,140.00499,0.053291142,111.85314,136.37389,0.07184562,236.70769,38.85826,0.03755593,130.73679,107.6102,0.1752201
labeled-data,P20221101_Video,img0265.png,134.85504,170.8651,0.3034946,136.76952,162.34225,0.25166705,129.52353,159.57405,0.28664285,134.29466,127.81455,0.076552086,117.01257,130.71446,0.09318893,71.96641,22.796118,0.03303321,128.78696,109.02573,0.14957467
labeled-data,P20221101_Video,img0266.png,133.49239,170.0406,0.24580751,135.89806,161.58322,0.20732205,128.6331,158.91689,0.26707625,79.958954,25.200796,0.09951987,117.725525,130.8264,0.091926344,75.867935,19.345016,0.050499093,127.88595,111.034805,0.2009202
labeled-data,P20221101_Video,img0267.png,133.59352,170.31866,0.21782319,77.68153,36.945255,0.19649942,128.97421,159.42537,0.23716885,80.18129,25.461527,0.08910057,117.15167,130.99463,0.081621185,72.22534,22.900246,0.045277517,128.00272,111.2557,0.18413712
labeled-data,P20221101_Video,img0270.png,134.30724,170.38611,0.24506621,134.96791,161.8963,0.1637594,127.85218,162.07352,0.19855334,109.67708,148.75624,0.045496978,112.13604,135.38733,0.1180802,236.64177,39.10257,0.027722273,117.4558,110.36241,0.067331985
labeled-data,P20221101_Video,img0272.png,118.398315,132.03569,0.33625773,116.3715,139.43513,0.096314944,123.85062,136.34161,0.12518291,239.41095,24.933992,0.05736232,232.81087,24.665415,0.03755091,236.64548,38.543495,0.036255434,228.61426,16.551762,0.084301725
labeled-data,P20221101_Video,img0273.png,137.90555,11.052841,0.10352556,136.45175,16.44912,0.07917286,76.13045,27.544252,0.06465856,239.37833,25.092428,0.060442835,108.14969,139.80486,0.0399198,110.090515,129.51881,0.054800045,228.5741,16.667818,0.08985147
labeled-data,P20221101_Video,img0274.png,132.04163,19.00719,0.032724936,83.96641,15.255304,0.026717521,78.38656,14.527646,0.026399506,239.32516,25.138287,0.06933711,232.64162,24.894554,0.04509917,244.45428,25.776741,0.03815118,228.73106,16.646845,0.0421466
labeled-data,P20221101_Video,img0275.png,130.96626,18.026308,0.028693536,122.38012,91.07001,0.025435435,123.12855,91.85337,0.035167526,239.22585,25.129114,0.06287495,232.68202,24.927956,0.040722553,244.41655,25.795656,0.03384088,228.74123,16.3947,0.035042763
labeled-data,P20221101_Video,img0276.png,121.294624,84.76141,0.085138485,120.26537,86.24325,0.030141016,116.251686,91.816734,0.0750353,239.27786,25.215475,0.058563862,119.7021,80.85204,0.041759305,244.43661,25.825321,0.030472685,118.77615,78.8674,0.065812856
labeled-data,P20221101_Video,img0280.png,121.22056,85.96066,0.11168623,118.22012,92.070366,0.046102688,115.571365,91.48492,0.12447465,239.31117,25.178356,0.05904953,117.112495,78.78227,0.047853015,237.21971,39.017456,0.032157768,228.79906,16.156294,0.028448526
labeled-data,P20221101_Video,img0281.png,120.12834,96.6673,0.09261967,117.92404,91.80114,0.05543886,114.8445,91.74456,0.13413592,239.32452,25.17283,0.05925826,232.74493,25.17441,0.039134696,237.16605,39.06276,0.032910723,228.79742,16.16117,0.029328955
labeled-data,P20221101_Video,img0282.png,120.34275,85.52236,0.13479842,117.87761,91.93461,0.050916858,115.71388,90.84856,0.12078849,239.31564,25.236216,0.054850526,118.74951,80.6989,0.05406391,130.6647,108.24449,0.030852541,116.96631,79.15652,0.027372211
labeled-data,P20221101_Video,img0283.png,118.85347,84.876305,0.18825473,120.674545,98.98954,0.07431516,116.69361,90.59022,0.100427695,126.00745,104.68591,0.05439934,120.10437,83.69966,0.057953835,130.67136,112.71069,0.041304532,116.40246,79.98132,0.12066756
labeled-data,P20221101_Video,img0284.png,118.870804,84.68461,0.19055836,120.40282,98.87727,0.08440225,116.7977,90.52034,0.096449085,126.07185,105.036644,0.0566312,124.87342,111.15323,0.057681713,130.83133,112.88229,0.041841064,116.405945,80.09281,0.13403496
labeled-data,P20221101_Video,img0287.png,119.86501,84.17654,0.1701435,124.29179,111.252525,0.031922236,117.48394,91.44588,0.103258096,239.13489,25.063314,0.05427473,126.18571,116.97028,0.058950953,237.02548,38.975586,0.02933297,118.78642,80.38393,0.15497375
labeled-data,P20221101_Video,img0288.png,137.52364,7.911853,0.18789667,135.20695,13.822744,0.104464546,143.65387,14.106638,0.0707271,239.20435,25.108282,0.055401526,232.61317,24.698757,0.036189176,244.39177,25.866411,0.0309848,228.72961,16.554295,0.04260324
labeled-data,P20221101_Video,img0290.png,138.09494,9.232391,0.25750905,136.71892,16.463718,0.17816868,142.95187,15.41797,0.09507585,239.197,24.900005,0.048751265,107.09118,132.14066,0.039517224,244.2379,25.842033,0.028571129,228.82242,16.320808,0.08938359
labeled-data,P20221101_Video,img0291.png,138.91231,10.342897,0.19647832,137.35532,16.61418,0.12786621,143.01707,15.413523,0.071826614,239.33008,25.07957,0.055475958,232.7411,24.752956,0.037630938,244.35246,25.86798,0.030728906,228.8351,16.702583,0.06266381
labeled-data,P20221101_Video,img0292.png,138.61757,10.401112,0.3266633,136.76642,18.74405,0.19176073,124.635086,88.960945,0.17839625,147.98497,25.904812,0.02546252,141.0744,31.5951,0.028847352,237.02274,39.26292,0.028720763,120.92852,80.87695,0.14517577
labeled-data,P20221101_Video,img0293.png,117.19792,84.46757,0.35157114,117.06222,95.0242,0.3442844,124.70072,92.52946,0.4710405,123.51092,101.10097,0.16622546,121.85086,100.49374,0.09882848,127.267265,106.05549,0.17672718,117.28393,81.98205,0.23331538
labeled-data,P20221101_Video,img0307.png,118.90988,135.47289,0.2546622,117.60679,151.31241,0.15595149,122.26303,152.05246,0.11827543,123.19323,151.2994,0.06730877,122.470726,152.55653,0.06291735,236.87204,40.2735,0.03399803,119.75036,135.71991,0.071094334
labeled-data,P20221101_Video,img0308.png,114.48369,165.2915,0.31580952,121.14817,158.95326,0.19294746,117.327896,153.97838,0.18446943,121.27957,149.7392,0.15512106,122.868904,149.8055,0.16462387,115.93322,144.54384,0.13971384,119.85742,136.9093,0.1970338
labeled-data,P20221101_Video,img0337.png,122.10438,163.5626,0.41231903,117.31036,152.75108,0.42394707,122.48518,156.69218,0.3953864,127.9064,159.26839,0.075979955,118.18006,153.16255,0.11139431,133.41142,158.0486,0.15193474,115.30834,139.23593,0.06855155
labeled-data,P20221101_Video,img0344.png,121.64034,165.92564,0.36356977,116.01159,150.94582,0.3946087,120.98034,155.57526,0.35783148,119.050545,158.61438,0.16059406,116.42785,153.66031,0.14181612,126.38487,158.03378,0.18150711,118.218185,167.17278,0.113549925
labeled-data,P20221101_Video,img0345.png,121.37153,166.40276,0.37739864,115.877365,151.10085,0.36297473,121.1932,155.59315,0.37454152,119.36614,159.34702,0.17027171,114.51665,158.40607,0.13158019,126.97817,158.45644,0.18931046,116.08978,141.79358,0.1236172
labeled-data,P20221101_Video,img0350.png,119.075096,149.94043,0.39908597,115.91322,158.11713,0.3137571,123.85097,158.31984,0.32004088,120.87136,165.3282,0.12121074,114.63199,163.68791,0.096982636,125.5256,166.58308,0.18553635,120.05051,172.86977,0.05159276
labeled-data,P20221101_Video,img0351.png,116.841576,151.06479,0.22047046,124.297005,165.08167,0.19180425,121.69676,165.98773,0.17810094,117.7116,162.72054,0.043039344,116.15227,162.85254,0.046919003,126.724075,165.56349,0.0972637,129.42184,24.91154,0.12134537
labeled-data,P20221101_Video,img0352.png,123.113785,171.45108,0.2229606,125.62394,166.54529,0.2112017,122.1337,166.4436,0.19739065,126.19532,163.46284,0.027143458,132.53732,133.53877,0.039078083,128.5788,165.05232,0.078907974,119.89317,168.88629,0.13642019
labeled-data,P20221101_Video,img0353.png,122.51074,172.41344,0.17968978,126.604,167.72205,0.17053123,118.381096,165.19298,0.19585297,230.40164,136.63188,0.021492392,128.74187,152.13857,0.05458761,141.75543,146.64395,0.09928612,120.723114,168.5717,0.11237599
labeled-data,P20221101_Video,img0354.png,120.973366,171.94676,0.21959822,128.75789,167.77707,0.20416988,117.983086,165.74727,0.22815242,149.95105,33.008816,0.022746045,130.43488,150.99686,0.037039474,135.48857,146.14622,0.13554773,128.3266,19.692617,0.09745787
labeled-data,P20221101_Video,img0356.png,120.694405,170.32837,0.2573233,122.50178,166.30551,0.20743813,119.02379,164.96458,0.22944482,162.3569,29.863762,0.029103115,222.04237,138.35182,0.0431114,141.69312,146.15425,0.08993936,129.49678,15.996419,0.107696086
labeled-data,P20221101_Video,img0357.png,120.53242,169.07799,0.35337052,121.76534,165.81834,0.2524788,118.876724,164.70547,0.25085956,163.44928,29.837128,0.032100745,221.59561,137.90642,0.061861098,140.51398,145.3555,0.063502826,122.11228,164.34532,0.038729932
labeled-data,P20221101_Video,img0358.png,121.30061,167.33687,0.36776024,123.574165,164.44429,0.25717893,119.65279,164.61215,0.23568317,224.89447,137.28143,0.037193242,221.12328,137.93103,0.07113801,243.34204,123.90566,0.018314935,128.56271,153.12656,0.044609867
labeled-data,P20221101_Video,img0359.png,121.932396,166.40846,0.38759747,123.22544,163.77776,0.27388862,119.71648,164.47632,0.24962541,130.0032,165.77046,0.020519264,220.96808,137.9355,0.036048293,100.77884,165.79326,0.030131957,121.74129,162.41078,0.042480975
labeled-data,P20221101_Video,img0360.png,121.99167,165.69655,0.39587647,123.2348,163.44658,0.27468404,119.89838,164.11809,0.24413942,224.23647,137.43007,0.026628165,221.08263,137.9175,0.052114,100.85485,165.92522,0.03323533,121.82157,162.15536,0.04454703
labeled-data,P20221101_Video,img0361.png,122.04732,164.22127,0.34054646,122.557365,163.19621,0.25848988,122.46081,163.74893,0.24573806,114.65119,157.22435,0.03652659,220.94238,137.92805,0.059494175,101.0601,166.09308,0.027639896,121.430435,161.85162,0.0469166
labeled-data,P20221101_Video,img0365.png,122.51863,159.84795,0.38006625,119.902985,161.28331,0.26291448,123.47244,161.95407,0.2702105,113.69067,157.84508,0.08073711,118.76406,157.74142,0.058985412,112.365654,158.44077,0.058775965,125.0032,163.79715,0.040907994
labeled-data,P20221101_Video,img0367.png,122.15022,159.1405,0.36910456,120.81426,160.45146,0.25408968,123.43485,161.50969,0.24726734,124.642075,169.05856,0.06398135,118.78285,157.9484,0.047689147,129.99211,170.26582,0.054280918,125.11085,163.06488,0.05066023
labeled-data,P20221101_Video,img0368.png,122.02561,158.98335,0.36882177,120.76673,160.36517,0.25394613,123.39752,161.42885,0.24284095,124.690926,169.22035,0.066179834,221.19069,138.59589,0.044138543,130.09192,170.33478,0.055460162,125.124115,162.90285,0.052844815
labeled-data,P20221101_Video,img0369.png,121.86451,158.59955,0.35760787,120.575195,160.17982,0.25775334,123.3849,161.28468,0.23755834,124.63813,169.3948,0.07071036,121.007225,168.63268,0.04663644,130.08943,170.43895,0.05761386,125.204094,162.58522,0.056046203
labeled-data,P20221101_Video,img0372.png,121.789154,158.71268,0.36396685,120.7373,160.157,0.26120624,123.34141,161.22235,0.23634323,124.9704,169.14445,0.066357024,121.40467,168.32391,0.044034593,102.23688,166.61932,0.05394051,125.31414,162.25342,0.057677858
labeled-data,P20221101_Video,img0374.png,121.0198,160.20345,0.36054388,121.16099,160.51996,0.23657207,123.38467,161.40955,0.22341968,125.329056,168.64705,0.05364725,221.1436,138.83026,0.036376722,101.84659,166.4818,0.048244517,125.37576,162.33507,0.055334046
labeled-data,P20221101_Video,img0378.png,121.82792,162.3698,0.31056085,121.490486,162.53757,0.23063271,122.70292,163.021,0.22976576,124.90131,167.73578,0.03087972,220.86613,138.4265,0.039367504,129.79892,169.28389,0.029124644,121.72722,161.78786,0.050883688
labeled-data,P20221101_Video,img0381.png,122.27629,159.59378,0.32031915,120.2053,161.46004,0.23722984,123.53902,161.61671,0.22096966,114.24273,157.13736,0.079640664,220.28787,139.17407,0.051156104,112.708725,157.63469,0.048248902,121.52736,162.17032,0.03400942
labeled-data,P20221101_Video,img0383.png,122.13445,160.31732,0.36520162,119.58044,161.22202,0.29041496,123.27996,161.7345,0.2704631,113.92267,157.13388,0.104507156,114.70722,154.80048,0.055953447,112.21138,157.65321,0.072538964,121.70782,162.51805,0.025227478
labeled-data,P20221101_Video,img0407.png,101.92528,171.93355,0.20796184,112.9698,170.74849,0.13150229,108.8254,164.73878,0.05265867,122.43866,169.19118,0.08518835,119.678696,170.83455,0.09391038,127.01131,169.55405,0.061735008,119.58294,147.45853,0.05564519
labeled-data,P20221101_Video,img0408.png,100.13365,169.42992,0.15813021,112.9761,165.91484,0.079140715,113.26553,165.49106,0.031692263,120.69934,170.85242,0.05282916,118.48662,171.446,0.04456465,127.38824,171.72816,0.032068327,230.12965,14.811733,0.027355662
labeled-data,P20221101_Video,img0410.png,99.143776,168.19945,0.090572745,107.64843,169.2318,0.049596578,115.29136,167.02977,0.027672919,117.822464,175.6114,0.051605903,116.7527,176.89656,0.03380487,127.0762,173.30646,0.032474734,100.3153,173.63422,0.029495597
labeled-data,P20221101_Video,img0414.png,85.5212,172.89725,0.21245776,100.72379,172.69954,0.08308965,92.88592,168.36693,0.03272777,110.80688,178.27794,0.057177577,107.58449,180.31062,0.063864335,112.985886,183.25414,0.021624599,95.12483,175.89017,0.075476035
labeled-data,P20221101_Video,img0416.png,80.74374,172.72905,0.19593363,90.604546,174.08588,0.15345399,90.545,168.23642,0.0883744,105.353485,177.58296,0.04241848,91.77437,179.73636,0.047881037,89.268394,170.75003,0.020142589,93.23974,176.20226,0.027886648
labeled-data,P20221101_Video,img0419.png,99.78245,171.08327,0.16285364,87.4754,172.82913,0.14857395,88.43489,168.36343,0.06247941,101.79274,171.8129,0.023674313,84.99009,178.82693,0.036603518,228.7313,139.55194,0.015077629,82.456345,176.50502,0.0359838
labeled-data,P20221101_Video,img0420.png,98.64278,171.69757,0.19205375,86.4451,172.37769,0.09314899,98.4137,174.11401,0.061112132,222.97781,140.53612,0.021363143,83.77088,178.01567,0.026949313,228.62987,139.55847,0.01742236,221.6887,24.875177,0.03962387
labeled-data,P20221101_Video,img0421.png,98.56285,171.83047,0.12137477,95.90606,172.35931,0.033026315,99.04216,174.23372,0.043495905,223.13971,140.55362,0.026091216,221.1276,141.31285,0.025113676,156.66786,113.45188,0.027381066,221.37968,25.538643,0.029897524
labeled-data,P20221101_Video,img0422.png,78.71478,168.43379,0.041506704,26.526714,236.75179,0.013094304,98.54961,173.73085,0.022309633,147.2293,112.56891,0.027872264,221.19208,141.23402,0.030370945,156.54196,113.43193,0.0370077,221.03677,25.850533,0.03681088
labeled-data,P20221101_Video,img0423.png,205.55804,90.484024,0.03474841,26.505821,236.79121,0.0137989875,153.1021,97.59223,0.017554225,147.27307,112.75724,0.033420917,221.32347,141.39252,0.034416325,156.49403,113.63699,0.046074834,213.09943,184.36165,0.025525376
labeled-data,P20221101_Video,img0424.png,204.7626,90.360466,0.03523555,151.29367,139.5679,0.014379866,97.39176,173.96005,0.01623027,223.41147,140.33026,0.028366882,221.48807,141.32458,0.03538028,229.29099,199.42117,0.034506444,213.01741,184.2252,0.027157504
labeled-data,P20221101_Video,img0425.png,81.18518,168.97441,0.10508319,84.84496,173.9619,0.0140420925,96.36314,173.42903,0.024644556,83.19889,182.75882,0.013333214,76.286476,178.7808,0.017794643,229.04446,200.24025,0.01958281,225.76584,16.346918,0.031018347
labeled-data,P20221101_Video,img0426.png,81.08077,168.84212,0.10878056,84.65322,173.82712,0.012549825,96.49478,173.24129,0.023959534,235.5868,31.409847,0.01383284,76.23825,178.91315,0.01644008,234.53723,39.379448,0.04028027,80.53749,171.99535,0.018139362
labeled-data,P20221101_Video,img0427.png,80.50856,168.78912,0.12314705,176.77174,16.547451,0.039317794,175.57716,17.017824,0.054098647,175.9841,12.825654,0.01637379,75.97249,178.90952,0.019959345,235.7822,40.09008,0.024307342,79.76296,174.11264,0.019490477
labeled-data,P20221101_Video,img0428.png,81.176414,168.93729,0.10087168,228.6279,23.86011,0.01728966,92.788086,172.49284,0.025627067,238.21306,25.199062,0.026193235,75.76272,178.78111,0.019423451,161.86455,126.20711,0.028848018,79.94253,172.17471,0.020378642
labeled-data,P20221101_Video,img0429.png,160.41298,30.697388,0.1074397,163.9346,33.615383,0.027253095,162.44809,29.68701,0.06343094,238.51802,25.135511,0.06085451,231.90956,25.01728,0.03871104,243.97374,19.22084,0.03379933,79.84033,172.1004,0.019024195
labeled-data,P20221101_Video,img0430.png,153.33957,30.408594,0.058906127,157.17403,34.630146,0.044709466,156.45238,38.78253,0.049166504,239.16841,25.182308,0.07339359,232.18762,25.242218,0.04837433,244.51994,25.751284,0.039510716,228.99617,16.248186,0.02612872
labeled-data,P20221101_Video,img0431.png,122.73247,83.44081,0.06705622,117.28393,101.10758,0.028698381,142.42397,113.013626,0.023430543,239.17226,24.96216,0.059609808,130.37619,120.51627,0.044280358,154.43176,125.119225,0.046952855,228.65,16.125,0.04019002
labeled-data,P20221101_Video,img0432.png,68.741234,13.917027,0.0853606,76.7778,14.736456,0.06711543,82.32413,11.885911,0.041018344,238.9547,24.896595,0.041387286,232.4183,24.588907,0.028627213,236.6562,38.735485,0.0368161,228.08311,16.569351,0.06006425
labeled-data,P20221101_Video,img0433.png,203.55592,90.39765,0.03561888,127.24995,152.82855,0.074571274,72.58357,16.232365,0.011040338,239.043,25.07931,0.04476265,232.38368,24.755497,0.031611577,236.61786,38.572174,0.037473448,227.99895,16.83979,0.05891805
labeled-data,P20221101_Video,img0434.png,79.34697,22.76843,0.11571138,125.01782,152.25307,0.08437229,86.58025,19.609735,0.12182493,239.25398,25.256008,0.041636378,107.54535,138.69096,0.041131385,236.72414,38.66425,0.04108655,227.95206,17.146694,0.059800737
labeled-data,P20221101_Video,img0435.png,81.589455,25.269789,0.07310578,125.2727,153.21613,0.102987096,78.16559,29.085802,0.036085684,132.90483,140.54388,0.035408057,132.5868,147.59105,0.027173534,236.8924,38.91749,0.036910478,228.70874,16.519411,0.04245224
labeled-data,P20221101_Video,img0436.png,77.47843,35.051365,0.13055934,79.69462,39.016315,0.064485155,82.74068,34.96914,0.13783094,91.660164,36.517868,0.0376022,90.96517,42.362556,0.04778172,237.10846,39.01024,0.029733406,228.94604,16.443474,0.050229616
labeled-data,P20221101_Video,img0437.png,76.516525,37.218136,0.10884623,77.72434,52.53294,0.09800426,82.1266,35.751053,0.08021409,99.23131,52.331665,0.02987748,122.85118,162.29387,0.043250658,237.09041,38.945744,0.028382264,228.9043,16.323788,0.049155775
labeled-data,P20221101_Video,img0438.png,74.16986,48.157417,0.15808797,81.05961,53.37243,0.14752352,83.55742,34.804684,0.08747645,108.85949,47.49986,0.099587515,98.26049,53.00987,0.0839853,108.22189,33.1343,0.07820813,228.87936,16.57968,0.039593242
labeled-data,P20221101_Video,img0439.png,77.89449,31.334698,0.15420859,81.263084,53.019867,0.10966436,84.652306,34.429672,0.15567644,105.13849,50.846115,0.100657664,96.04288,51.14358,0.069373205,108.72652,56.6558,0.09001141,228.39441,17.310942,0.046559136
labeled-data,P20221101_Video,img0440.png,74.22067,47.758224,0.13653512,80.73503,53.52127,0.1362599,83.49253,34.600475,0.071563244,106.29713,51.076088,0.07231862,97.489296,52.974415,0.06535892,107.872856,33.498386,0.06280353,228.91396,16.471886,0.045505196
labeled-data,P20221101_Video,img0441.png,74.63935,37.26232,0.15437254,77.08746,50.832115,0.08105552,80.99641,35.134857,0.12617841,223.6283,140.56378,0.03973878,91.5908,44.347168,0.047995105,237.18288,38.99684,0.028814524,228.9495,16.783447,0.06628199
labeled-data,P20221101_Video,img0442.png,72.120445,35.483295,0.18112753,80.11831,37.946377,0.15567885,81.32004,33.491962,0.16110975,92.892235,35.790688,0.056048356,92.35373,41.889786,0.05350718,93.49066,30.716852,0.028940378,228.96451,16.943783,0.067761555
labeled-data,P20221101_Video,img0443.png,67.67632,18.410105,0.058893707,79.34207,29.537378,0.056859285,76.407845,28.33814,0.06175279,238.92178,24.858242,0.019949477,107.00875,164.83798,0.025900088,236.56677,38.96222,0.030816529,228.89804,16.345837,0.062275305
labeled-data,P20221101_Video,img0444.png,74.2003,18.955265,0.09448016,79.64809,18.556093,0.056393333,83.74533,17.843704,0.059375573,245.20917,13.503259,0.016200688,237.3246,7.7036576,0.01661482,236.59868,39.187637,0.026533822,228.95876,15.69047,0.04878015
labeled-data,P20221101_Video,img0445.png,83.59767,167.26224,0.31797245,82.62813,152.01302,0.16126586,80.27819,154.7027,0.25064912,95.27165,131.80836,0.0315905,89.54902,130.19806,0.07213338,236.47354,39.4798,0.019060485,228.48808,16.096926,0.03711412
labeled-data,P20221101_Video,img0446.png,137.47652,8.430151,0.13537695,136.20044,13.950475,0.14164075,140.82393,13.573697,0.06425729,223.3446,140.03294,0.06250302,220.39293,141.62436,0.08147432,241.10362,16.497122,0.03358948,228.4935,16.560537,0.119139045
labeled-data,P20221101_Video,img0447.png,206.65216,101.87664,0.06464197,216.454,136.38753,0.02671168,232.40102,14.504021,0.019263566,223.68994,139.9626,0.07170522,220.35187,141.5242,0.09861243,241.21568,16.322647,0.034807034,228.63472,16.849463,0.099367015
labeled-data,P20221101_Video,img0448.png,205.92046,100.8699,0.046823826,133.04488,153.43045,0.036157966,232.15805,14.658814,0.019732138,224.13054,139.94762,0.05912534,220.656,141.10568,0.08486828,241.1021,16.317238,0.035964895,228.44211,17.05119,0.0938312
labeled-data,P20221101_Video,img0449.png,110.193115,35.335373,0.060738828,104.95832,155.1145,0.05958083,151.83397,107.44195,0.020928646,224.0371,140.21474,0.045504324,220.81842,140.88905,0.06725183,109.37085,127.77619,0.047287654,228.40607,16.826122,0.090916336
labeled-data,P20221101_Video,img0450.png,114.97476,37.872463,0.056522217,105.27973,155.08218,0.041611448,152.20152,106.96619,0.018612318,139.68477,32.885696,0.043950997,221.08458,140.77913,0.050646186,240.9536,16.401604,0.031626265,228.45348,16.550123,0.1001572
labeled-data,P20221101_Video,img0451.png,117.34749,37.97417,0.08420032,125.217636,35.532738,0.04597117,116.878334,27.067245,0.06860224,140.7287,31.720379,0.08593347,138.0487,33.22795,0.07063874,142.1751,28.944263,0.05113609,228.52061,16.581118,0.101482034
labeled-data,P20221101_Video,img0453.png,203.54965,90.077065,0.02033324,104.78337,154.6737,0.045356333,152.262,98.69067,0.018249448,146.981,127.11606,0.036306284,221.41107,140.4334,0.028652105,241.25941,16.141403,0.029838644,228.86488,16.473314,0.09969626
labeled-data,P20221101_Video,img0454.png,133.73962,34.079536,0.024134342,138.07703,31.103369,0.07129594,78.116936,13.373489,0.018522015,149.90819,31.070963,0.04364728,151.99413,35.9031,0.030350313,149.40771,22.251934,0.030760542,228.91417,16.513214,0.09361607
labeled-data,P20221101_Video,img0455.png,135.28474,29.085274,0.10075593,137.98325,31.084518,0.15433744,139.5523,28.56695,0.085680865,149.90724,32.51976,0.05415859,151.2867,36.655544,0.035145037,149.85056,22.873608,0.045772683,228.92958,16.558619,0.09375253
labeled-data,P20221101_Video,img0456.png,203.48436,90.35877,0.025141275,104.87372,154.573,0.042741455,140.72372,28.365427,0.019294897,227.5893,139.33981,0.03520778,221.16838,140.6919,0.043791525,241.26443,16.333635,0.03207639,228.82686,16.854982,0.1035718
labeled-data,P20221101_Video,img0457.png,203.5572,90.817955,0.030035887,104.97669,154.51408,0.04055897,232.39325,14.683995,0.019233534,227.51079,139.17493,0.03967458,221.025,140.7712,0.05609648,241.21606,16.405193,0.034989487,228.64156,17.059433,0.106042236
labeled-data,P20221101_Video,img0459.png,121.58326,65.59726,0.38270298,121.37533,76.28349,0.21103838,128.48555,71.52277,0.271663,131.2548,89.41931,0.19934043,126.9478,88.74281,0.12322003,137.24727,86.22316,0.16856958,228.21996,16.487488,0.058242567
labeled-data,P20221101_Video,img0461.png,125.27776,78.56323,0.057767864,71.62376,10.81477,0.021015799,129.47545,84.4637,0.019942546,239.18109,24.815533,0.046469048,236.25093,24.378752,0.029330444,243.89458,19.163069,0.026238669,228.9352,16.547081,0.080716446
labeled-data,P20221101_Video,img0462.png,69.21976,17.363262,0.062077746,75.40728,13.986847,0.032165915,73.06228,14.777803,0.03921548,238.8327,24.621433,0.039809797,220.83087,141.14778,0.042779587,239.78946,24.348606,0.02382826,228.99203,16.212624,0.071414955
labeled-data,P20221101_Video,img0463.png,136.71762,7.2695045,0.3139513,134.59013,14.966424,0.2501547,142.24054,13.622871,0.13521469,133.69766,90.808975,0.0483785,128.27225,92.11,0.035027154,236.56645,38.55103,0.029866416,123.5228,67.75677,0.16275206
labeled-data,P20221101_Video,img0464.png,121.3275,94.70858,0.11918472,126.29827,90.80679,0.110412136,129.50648,89.680305,0.11913472,81.38543,16.483711,0.030287925,134.90703,87.507515,0.022906534,236.39632,38.6976,0.025043888,228.99957,16.08491,0.05018449
labeled-data,P20221101_Video,img0465.png,137.8688,9.758262,0.29075423,136.14693,18.491945,0.17163618,143.69734,16.5198,0.120662056,79.33741,28.523956,0.057414435,107.95874,139.29741,0.055731878,147.3644,40.7679,0.03459632,228.65408,16.776085,0.06621601
labeled-data,P20221101_Video,img0466.png,73.73833,41.271465,0.11135398,80.21895,40.907265,0.13454236,74.557045,39.835247,0.12084147,90.74232,30.774601,0.11941909,107.73756,133.86461,0.08299838,82.40673,25.698254,0.045163315,228.73831,16.735443,0.053317018
labeled-data,P20221101_Video,img0467.png,80.48761,40.453766,0.035717335,80.32869,39.092846,0.10460841,75.91913,38.97183,0.09067329,98.2967,139.08275,0.06909048,107.72505,133.30789,0.14758755,236.72173,38.952827,0.027594652,110.378685,123.48456,0.119149484
labeled-data,P20221101_Video,img0468.png,138.15298,162.05255,0.12094338,78.64979,44.173573,0.08041046,74.08629,39.63571,0.065306194,98.36823,139.14445,0.06789317,108.00328,132.80342,0.16088006,236.73763,38.90926,0.026990756,111.6005,123.58363,0.08316758
labeled-data,P20221101_Video,img0469.png,133.44916,168.09587,0.17815135,112.594986,158.48286,0.07842513,119.952774,164.98222,0.10731868,100.58992,133.19113,0.079798676,108.55923,132.36852,0.20262422,103.36543,163.17767,0.038450856,111.620476,128.46924,0.048286155
labeled-data,P20221101_Video,img0470.png,138.97202,161.96146,0.2209823,108.452774,155.24094,0.0647727,120.52443,165.82663,0.051385056,99.95097,133.27873,0.0714458,107.183914,133.42503,0.16401501,104.74695,163.78773,0.035596263,228.43573,17.326689,0.03922777
labeled-data,P20221101_Video,img0471.png,137.4682,165.48932,0.10514946,146.00452,165.75705,0.099989586,133.232,160.45073,0.076523,91.57754,32.398846,0.06909526,109.50055,133.88469,0.07592991,91.411026,28.738407,0.05037593,228.39554,17.212852,0.034747913
labeled-data,P20221101_Video,img0472.png,69.22942,39.683994,0.114960626,74.083984,38.674458,0.14582588,69.08939,33.13919,0.09842428,91.82244,33.51487,0.15678468,89.74157,37.95873,0.1154917,91.63924,28.186909,0.11725988,228.26419,17.508734,0.05269769
labeled-data,P20221101_Video,img0474.png,66.1131,33.594154,0.11929377,71.84901,32.701763,0.13496183,67.95393,25.799368,0.104447305,89.65438,30.302881,0.1173113,87.49699,32.789783,0.10754186,90.72368,21.411491,0.06867611,123.21766,97.893005,0.14472228
labeled-data,P20221101_Video,img0475.png,68.354774,25.73866,0.14349835,77.07363,33.12276,0.060269408,71.07643,18.937262,0.11598188,91.616104,18.652187,0.08315045,90.71004,25.34362,0.072860256,91.86252,13.80314,0.072276436,228.33748,17.186974,0.07353635
labeled-data,P20221101_Video,img0477.png,72.887764,21.259327,0.20219244,79.222984,21.549196,0.13569565,76.634445,18.021168,0.19699156,239.48048,25.594189,0.07034762,232.76434,25.580849,0.04789067,244.11359,19.755735,0.038857695,228.54256,17.39888,0.04707501
labeled-data,P20221101_Video,img0478.png,76.0419,20.75096,0.18055664,79.34919,22.242302,0.11462163,80.268555,18.606318,0.16258696,239.41444,25.732374,0.064919196,89.04749,23.36661,0.044237047,96.96719,15.336935,0.03881177,228.05919,17.830725,0.039584316
labeled-data,P20221101_Video,img0479.png,72.697426,19.50251,0.07333289,79.74361,22.762535,0.07215401,83.46006,17.80418,0.08057497,239.33899,25.768805,0.06044019,232.92162,25.704815,0.040514234,96.467995,14.637011,0.034814563,228.08115,17.704496,0.038721174
labeled-data,P20221101_Video,img0480.png,72.37333,20.184902,0.08019607,79.744194,22.801899,0.07771132,83.074165,17.814997,0.09775137,239.36491,25.78794,0.062574655,94.04634,23.979523,0.046168104,96.34779,14.221415,0.037945163,228.11888,17.76672,0.038265876
labeled-data,P20221101_Video,img0481.png,72.88833,21.56928,0.10060993,79.95384,22.802465,0.104334794,74.72084,18.875305,0.12580726,239.45612,25.751673,0.071158506,235.68254,26.120153,0.048182204,244.56529,26.109411,0.038974125,228.6359,17.238419,0.039311405
labeled-data,P20221101_Video,img0482.png,74.69767,32.16881,0.09476933,77.23607,19.805134,0.09880442,71.22436,17.965002,0.13167375,239.43349,25.650978,0.064533986,107.24475,138.38908,0.05009576,244.52892,26.110836,0.036252324,228.4999,17.130014,0.04078099
labeled-data,P20221101_Video,img0484.png,75.25483,34.74316,0.10920158,79.11026,32.309498,0.08793687,73.81457,26.399523,0.104670696,239.73077,25.483171,0.06393581,236.07211,25.45634,0.044790115,244.70636,25.990944,0.036962572,228.52335,17.267399,0.04252202
labeled-data,P20221101_Video,img0485.png,139.28096,9.58349,0.048358496,137.45668,13.945823,0.038927216,127.46051,87.77772,0.026870789,239.5715,25.208591,0.075861625,232.66571,25.332054,0.05020448,244.63545,25.756987,0.040797304,121.29861,74.827034,0.17910853
labeled-data,P20221101_Video,img0486.png,137.16086,131.82094,0.09395304,124.52514,99.2826,0.028857138,145.58775,155.85669,0.076789245,146.29672,154.08704,0.15124314,154.31427,157.79855,0.09528042,137.9651,154.25423,0.113947,135.89084,125.643394,0.14618468
labeled-data,P20221101_Video,img0487.png,139.03493,10.446632,0.19485371,137.2244,17.515179,0.118114196,145.07816,16.060745,0.07163838,90.276276,31.752764,0.07034261,232.55998,25.119339,0.043968923,244.49153,25.74596,0.035768535,138.58698,125.89677,0.0534368
labeled-data,P20221101_Video,img0488.png,134.26869,126.93602,0.22225444,136.51674,21.065056,0.06648094,144.95674,15.757945,0.05143672,239.40805,25.132942,0.07746456,232.55621,25.405622,0.052203614,244.05467,19.411448,0.040063012,136.9962,125.35628,0.23968628
labeled-data,P20221101_Video,img0489.png,134.27649,127.29249,0.36519775,135.79842,141.22784,0.09374906,147.66393,131.71902,0.07689097,239.20224,25.015263,0.07263208,139.03287,157.4146,0.07233655,158.50606,153.05995,0.05180188,135.83073,126.79442,0.2611461
labeled-data,P20221101_Video,img0490.png,138.9947,10.778999,0.16054353,137.3929,17.10778,0.08866653,145.01227,152.7006,0.058516983,239.2414,25.057774,0.07653312,232.39014,25.405724,0.051267587,236.75577,39.385353,0.040060688,136.83138,130.4577,0.24284458
labeled-data,P20221101_Video,img0491.png,116.588776,92.25475,0.038511604,126.933044,114.00232,0.07762455,130.75569,112.40905,0.08427208,148.28917,150.31104,0.22641751,158.0576,151.05904,0.21212712,138.39224,151.91606,0.1611053,133.69385,115.920334,0.23669091
labeled-data,P20221101_Video,img0492.png,139.22166,11.267731,0.20404507,137.23436,18.122719,0.10766072,145.18242,16.317616,0.07136972,239.47525,25.557308,0.092780575,154.69415,140.88023,0.10181026,244.6599,25.825407,0.047515165,127.6831,105.057846,0.27074525
labeled-data,P20221101_Video,img0493.png,139.08585,11.372664,0.2450052,137.0524,18.837059,0.12244673,145.63283,16.751564,0.08410103,239.58264,25.611116,0.07847268,232.73972,25.778585,0.05237007,244.65419,25.981064,0.04266387,228.49355,17.35963,0.044911794
labeled-data,P20221101_Video,img0494.png,139.08055,11.475996,0.1408443,178.19653,172.22408,0.07878009,173.17107,169.53831,0.09179675,239.24838,25.242844,0.049276337,232.5444,25.11268,0.034272462,236.67334,38.95096,0.039129708,228.67543,16.655912,0.040947534
labeled-data,P20221101_Video,img0495.png,138.47949,11.215315,0.2702585,136.76077,19.854181,0.12003208,145.60251,16.981396,0.08675397,239.63416,25.179983,0.061013855,105.17124,133.38002,0.057952065,236.69743,38.721035,0.039739374,228.33386,16.925514,0.043209784
labeled-data,P20221101_Video,img0497.png,142.92805,169.1404,0.24968122,140.15,172.48178,0.17578955,142.47336,174.4252,0.10171092,98.3805,146.76012,0.034709424,105.30228,145.46577,0.08267026,236.80066,39.206375,0.03621194,228.64485,16.394995,0.052200437
labeled-data,P20221101_Video,img0498.png,138.77797,11.45023,0.37193015,137.17557,20.992447,0.19401409,145.9999,17.557493,0.17642462,239.62029,25.35966,0.04077161,232.98698,24.970905,0.028330587,236.96938,38.81073,0.03269534,228.51367,17.043709,0.05366341
labeled-data,P20221101_Video,img0499.png,139.13054,12.107164,0.3662003,137.59186,21.408241,0.1799926,146.08447,17.887249,0.17304277,239.49904,25.393179,0.029042225,94.113945,82.1971,0.028193567,237.22261,38.93213,0.028403386,228.6878,16.937819,0.05617156
labeled-data,P20221101_Video,img0500.png,139.03186,11.922193,0.33234444,137.54214,20.474249,0.18751724,145.84917,17.36737,0.16686937,239.50694,25.380821,0.038169608,233.01315,25.223356,0.028053932,240.48792,25.039295,0.02671255,228.62274,17.029072,0.035315186
labeled-data,P20221101_Video,img0501.png,139.44844,12.011541,0.23826288,137.77875,19.571646,0.12271961,145.78224,16.889914,0.12334413,239.40108,25.349134,0.039517395,232.95137,25.295732,0.029266883,126.36147,104.466034,0.042356934,228.56483,16.698212,0.02948515
labeled-data,P20221101_Video,img0502.png,119.318886,80.489494,0.37395212,118.10175,86.23898,0.3378255,122.69949,85.773865,0.2722832,125.21388,92.7259,0.14826879,117.51439,92.04869,0.086499676,133.2656,93.982544,0.17441005,115.32248,76.28351,0.15687586
labeled-data,P20221101_Video,img0509.png,118.0531,80.15505,0.40614104,116.86443,86.9364,0.43249643,123.87688,85.325226,0.36986405,126.52347,95.56006,0.20301723,126.90183,118.64024,0.14256169,132.02786,95.87802,0.19986576,115.76583,76.22773,0.14806947
labeled-data,P20221101_Video,img0511.png,139.79291,10.556185,0.26076695,137.43608,18.060307,0.1666077,144.77032,16.663555,0.09473761,239.64368,25.711021,0.041131273,233.16815,25.79951,0.03002255,237.93408,38.872845,0.026037995,119.25845,76.9986,0.060126364
labeled-data,P20221101_Video,img0514.png,139.342,11.212477,0.28716388,137.22473,18.996975,0.18018378,144.47864,17.344852,0.10270453,239.57962,25.513771,0.04109378,106.293,139.9205,0.029423643,237.05597,38.664753,0.029563308,228.55121,17.468336,0.051098138
labeled-data,P20221101_Video,img0516.png,138.94092,10.387171,0.23178782,136.92975,17.875973,0.14620711,144.75745,16.12313,0.08850347,73.97556,30.2562,0.076099314,75.582886,31.910915,0.059072394,236.53284,38.54565,0.03323148,228.43925,17.125988,0.050882854
labeled-data,P20221101_Video,img0518.png,138.04994,10.397898,0.27022067,135.37274,22.127281,0.1682687,144.64235,16.384846,0.10183173,239.08734,25.030369,0.055771038,132.81157,130.28012,0.046762854,152.90863,133.50082,0.051010896,228.70007,16.820541,0.04854005
labeled-data,P20221101_Video,img0519.png,138.58463,9.775128,0.17348741,137.14923,16.239857,0.098891206,68.95337,19.31247,0.10270435,134.18419,126.424385,0.083911546,127.9861,128.82115,0.060211115,143.98425,128.19254,0.057358876,228.85359,16.25934,0.051601343
labeled-data,P20221101_Video,img0520.png,117.12458,120.50128,0.28098398,119.91249,118.46832,0.17338161,117.49,113.51674,0.15312502,125.27407,105.97212,0.09288982,126.22417,105.68667,0.08069602,116.15068,89.957245,0.06035321,228.8823,15.872966,0.05329161
labeled-data,P20221101_Video,img0521.png,114.51568,115.102516,0.27936468,119.40552,118.075,0.26592556,117.29561,114.24187,0.14145178,123.26936,100.32296,0.10637173,124.62955,101.33729,0.09365739,118.72467,93.53559,0.075838976,118.672516,86.627594,0.060729448
labeled-data,P20221101_Video,img0522.png,116.40555,84.753784,0.66639155,115.48965,97.74004,0.4587787,127.333824,94.466194,0.44577473,125.896736,109.19653,0.3894465,119.07087,114.84061,0.30982506,135.29095,107.220406,0.39738593,118.73027,92.76292,0.11797157
labeled-data,P20221101_Video,img0523.png,119.48907,105.81813,0.4109058,122.43491,102.1229,0.28089312,118.8193,99.13252,0.26643822,126.09015,89.719025,0.05965974,128.03664,102.71984,0.069719,236.43675,38.894787,0.02099356,228.91153,15.933687,0.033828847
labeled-data,P20221101_Video,img0524.png,118.81253,87.25923,0.15838467,118.50478,102.41297,0.1375836,118.427055,99.97931,0.10293661,122.93294,97.956245,0.06449662,122.41562,97.57395,0.049696144,129.6593,112.83922,0.040720414,117.566895,89.12389,0.077278346
labeled-data,P20221101_Video,img0531.png,117.93973,115.85192,0.25735113,122.11028,114.4081,0.22220041,122.02964,107.63071,0.13465723,121.673294,104.511055,0.09818841,125.07627,104.559204,0.098132685,125.85532,116.33749,0.04356082,116.59318,89.095146,0.27385777
labeled-data,P20221101_Video,img0535.png,117.398094,128.70914,0.3959414,123.014114,121.59579,0.40688685,118.6671,118.94854,0.3354004,122.663925,117.720055,0.21727377,125.148224,118.02126,0.21497975,121.88451,116.40219,0.179048,121.56543,96.77967,0.22133347
labeled-data,P20221101_Video,img0538.png,118.44053,110.62805,0.29173192,117.15861,123.0246,0.25798678,122.78617,122.16287,0.40259182,122.423035,129.49634,0.2450122,121.08029,129.97177,0.18837862,124.65931,129.31804,0.18446973,118.98796,108.9434,0.15737212
labeled-data,P20221101_Video,img0540.png,117.77612,148.89853,0.26216105,121.326294,145.74535,0.24138595,121.4606,128.97198,0.23284616,121.835045,133.18852,0.1854746,123.34461,134.18556,0.17708413,120.63233,132.04948,0.113139145,119.70181,113.81289,0.21285126
labeled-data,P20221101_Video,img0778.png,119.14684,168.03215,0.32012832,117.51906,159.17793,0.22711636,114.368645,162.85059,0.24008423,114.169,153.37817,0.06747929,121.29681,152.70886,0.07590394,123.30652,162.7075,0.045544818,117.01912,142.7556,0.23641267
labeled-data,P20221101_Video,img0808.png,118.26145,169.88362,0.31250063,118.135735,160.40024,0.3089879,115.908615,160.65196,0.33275568,115.14576,153.58594,0.11132739,119.43871,154.54353,0.06726307,124.11721,162.99774,0.09002748,117.91076,144.60843,0.229285
labeled-data,P20221101_Video,img0909.png,118.093796,159.06401,0.35766336,117.879196,154.75243,0.2983258,119.58261,154.6777,0.36374247,126.48438,164.13705,0.1150753,119.51027,152.86478,0.09283535,114.53497,146.18042,0.09624541,117.48977,144.51166,0.15809199
labeled-data,P20221101_Video,img0930.png,116.68946,148.88675,0.29608133,117.1821,159.19493,0.27064767,122.2231,156.04306,0.3152308,114.29022,154.36127,0.080794565,118.141235,154.53809,0.07143398,124.15937,163.47516,0.08070829,117.66688,144.02713,0.2311993
labeled-data,P20221101_Video,img0988.png,166.49902,170.216,0.3719822,154.85028,171.2006,0.3917059,161.21916,172.50616,0.31622076,158.62933,175.97688,0.2519359,155.32672,174.64032,0.21309371,159.35767,176.29399,0.20725852,219.55078,26.023228,0.14558123
labeled-data,P20221101_Video,img0989.png,166.56665,170.1177,0.3817616,154.99236,171.0121,0.38770285,161.48895,172.74803,0.32902843,158.0603,176.18172,0.24768479,153.30328,174.28148,0.22029106,159.20961,177.08377,0.19956884,151.41447,176.85086,0.13836116
labeled-data,P20221101_Video,img0990.png,166.561,169.83955,0.39856264,155.22537,170.66661,0.3759403,161.9268,172.8929,0.35184175,157.54321,176.44405,0.24425346,152.53735,173.8461,0.24263982,159.30667,178.09195,0.18743242,221.2166,25.977905,0.1462088
labeled-data,P20221101_Video,img0993.png,164.74149,169.32123,0.31385377,154.90189,170.9724,0.38180038,161.30399,171.6305,0.30398434,158.79187,176.50087,0.189711,153.20622,175.18326,0.16994096,160.7254,177.08955,0.15022334,152.17064,176.69354,0.112530425
labeled-data,P20221101_Video,img1006.png,160.7622,168.22046,0.1702105,154.55724,171.24715,0.22442801,160.78072,172.87479,0.20342758,154.21446,176.24432,0.18135953,151.31483,174.7138,0.18120088,155.288,79.41187,0.234875,150.06828,175.85887,0.16873854
labeled-data,P20221101_Video,img1007.png,161.0852,167.87515,0.14164262,154.43413,171.00752,0.17715655,161.07054,172.97232,0.18463416,144.69324,83.53308,0.17012751,131.26915,80.849464,0.17726909,154.45462,79.821304,0.20641294,149.29582,175.89912,0.18614593
