step,losses/eval.bodypart_heatmap,losses/eval.bodypart_locref,losses/eval.bodypart_total_loss,losses/eval.total_loss,losses/train.bodypart_heatmap,losses/train.bodypart_locref,losses/train.bodypart_total_loss,losses/train.total_loss,metrics/test.mAP,metrics/test.mAR,metrics/test.rmse,metrics/test.rmse_pcutoff
1,,,,,0.0013659873511642218,0.339257150888443,0.009164422750473022,0.009164422750473022,,,,
2,,,,,0.0010218501556664705,0.23697318136692047,0.006435255520045757,0.006435255520045757,,,,
3,,,,,0.0008662740001454949,0.18848112225532532,0.005145165603607893,0.005145165603607893,,,,
4,,,,,0.000794477469753474,0.16758829355239868,0.004586946219205856,0.004586946219205856,,,,
5,,,,,0.0007363719050772488,0.15269726514816284,0.0041856179013848305,0.0041856179013848305,,,,
6,,,,,0.0006682308739982545,0.1436309814453125,0.0039248899556696415,0.0039248899556696415,,,,
7,,,,,0.0006347304442897439,0.13516944646835327,0.0036966009065508842,0.0036966009065508842,,,,
8,,,,,0.0005685650976374745,0.12159566581249237,0.003324174089357257,0.003324174089357257,,,,
9,,,,,0.0005556072574108839,0.1186743974685669,0.0032446638215333223,0.0032446638215333223,,,,
10,0.0019995211623609066,0.2112126648426056,0.006280077621340752,0.006280077621340752,0.0005055095534771681,0.10784129053354263,0.0029487870633602142,0.0029487870633602142,32.01491655139418,37.727272727272734,16.43296164584426,6.880321755623206
11,,,,,0.0004690699861384928,0.1022377535700798,0.0027904792223125696,0.0027904792223125696,,,,
12,,,,,0.00047642042045481503,0.10424701869487762,0.002844385802745819,0.002844385802745819,,,,
13,,,,,0.00045605291961692274,0.10169210284948349,0.0027703293599188328,0.0027703293599188328,,,,
14,,,,,0.00042842660332098603,0.0934542641043663,0.0025505698285996914,0.0025505698285996914,,,,
15,,,,,0.0004183358687441796,0.09347022324800491,0.0025459236931055784,0.0025459236931055784,,,,
16,,,,,0.00038614796358160675,0.08602370321750641,0.0023436665069311857,0.0023436665069311857,,,,
17,,,,,0.0003776999074034393,0.08398156613111496,0.0022883890196681023,0.0022883890196681023,,,,
18,,,,,0.00036587269278243184,0.0835709422826767,0.0022722098510712385,0.0022722098510712385,,,,
19,,,,,0.0003627114347182214,0.0833270251750946,0.0022645313292741776,0.0022645313292741776,,,,
20,0.0017262407345697284,0.19791311025619507,0.005810947623103857,0.005810947623103857,0.00035627122269943357,0.0840272605419159,0.002278817119076848,0.002278817119076848,38.62980284716656,43.18181818181818,8.6531541855163,6.225840769517116
21,,,,,0.0003371919447090477,0.07544346898794174,0.002054682932794094,0.002054682932794094,,,,
22,,,,,0.0003398797125555575,0.07570061087608337,0.0020624548196792603,0.0020624548196792603,,,,
23,,,,,0.0003390340425539762,0.07479299604892731,0.002039342187345028,0.002039342187345028,,,,
24,,,,,0.0003149815311189741,0.07011186331510544,0.0019102876540273428,0.0019102876540273428,,,,
25,,,,,0.00031133778975345194,0.06966949999332428,0.0018974064150825143,0.0018974064150825143,,,,
26,,,,,0.0003081591275986284,0.07153590023517609,0.0019424770725890994,0.0019424770725890994,,,,
27,,,,,0.0003055923734791577,0.06915510445833206,0.0018816736992448568,0.0018816736992448568,,,,
28,,,,,0.0003033348184544593,0.0686180517077446,0.0018671186408028007,0.0018671186408028007,,,,
29,,,,,0.0002881920663639903,0.0668683871626854,0.0018158055609092116,0.0018158055609092116,,,,
30,0.0016428000526502728,0.1649777740240097,0.004945844877511263,0.004945844877511263,0.00026373492437414825,0.05984420329332352,0.0016279725823551416,0.0016279725823551416,48.05746884212231,51.13636363636363,8.917389556683682,3.740802600728096
31,,,,,0.000275640981271863,0.06543713808059692,0.0017737490125000477,0.0017737490125000477,,,,
32,,,,,0.0002675383584573865,0.06511103361845016,0.0017615450778976083,0.0017615450778976083,,,,
33,,,,,0.00026938747032545507,0.06272029131650925,0.0017027013236656785,0.0017027013236656785,,,,
34,,,,,0.0002574381069280207,0.05731870234012604,0.0015616866294294596,0.0015616866294294596,,,,
35,,,,,0.00024728779681026936,0.057738155126571655,0.0015670977300032973,0.0015670977300032973,,,,
36,,,,,0.00026055966736748815,0.062035705894231796,0.0016811726382002234,0.0016811726382002234,,,,
37,,,,,0.0002570311480667442,0.06178044155240059,0.0016730267088860273,0.0016730267088860273,,,,
38,,,,,0.00024317746283486485,0.057450372725725174,0.0015578481834381819,0.0015578481834381819,,,,
39,,,,,0.00024299869255628437,0.05860356613993645,0.0015865886816754937,0.0015865886816754937,,,,
40,0.001809310051612556,0.17695480585098267,0.005328525323420763,0.005328525323420763,0.0002438869560137391,0.055475495755672455,0.00150883081369102,0.00150883081369102,49.50808925849805,52.04545454545454,19.638387440649453,3.8200189078967255
41,,,,,0.00024609718821011484,0.05864918977022171,0.001589278457686305,0.001589278457686305,,,,
42,,,,,0.00021563498012255877,0.0498516745865345,0.0013541096122935414,0.0013541096122935414,,,,
43,,,,,0.0002386250125709921,0.05540589988231659,0.001504459884017706,0.001504459884017706,,,,
44,,,,,0.00023561045236419886,0.056221939623355865,0.001523353741504252,0.001523353741504252,,,,
45,,,,,0.0002188924845540896,0.051595933735370636,0.0013993446482345462,0.0013993446482345462,,,,
46,,,,,0.00020759312610607594,0.048490334302186966,0.001316055073402822,0.001316055073402822,,,,
47,,,,,0.00022950336278881878,0.05289912596344948,0.0014372298028320074,0.0014372298028320074,,,,
48,,,,,0.0002057515666820109,0.04947672411799431,0.0013397939037531614,0.0013397939037531614,,,,
49,,,,,0.0002253171696793288,0.05349932983517647,0.00145014189183712,0.00145014189183712,,,,
50,0.0014039203524589539,0.13970153033733368,0.004194498527795076,0.004194498527795076,0.00020739749015774578,0.04916302114725113,0.0013327744090929627,0.0013327744090929627,46.92941399403098,50.68181818181819,6.596577071741725,4.386930722329351
51,,,,,0.00020977840176783502,0.049535371363162994,0.0013432735577225685,0.0013432735577225685,,,,
52,,,,,0.00022238143719732761,0.051628563553094864,0.001401904970407486,0.001401904970407486,,,,
53,,,,,0.00021438402472995222,0.05271194875240326,0.001424990827217698,0.001424990827217698,,,,
54,,,,,0.00020058923109900206,0.04678775742650032,0.0012699887156486511,0.0012699887156486511,,,,
55,,,,,0.0001938874484039843,0.04457591846585274,0.0012113414704799652,0.0012113414704799652,,,,
56,,,,,0.00019691488705575466,0.04700832441449165,0.0012736656935885549,0.0012736656935885549,,,,
57,,,,,0.0002065284497803077,0.04992484673857689,0.0013513853773474693,0.0013513853773474693,,,,
58,,,,,0.00020618585404008627,0.04797418788075447,0.001302447635680437,0.001302447635680437,,,,
59,,,,,0.00020053070329595357,0.04559880122542381,0.0012402355205267668,0.0012402355205267668,,,,
60,0.0015388625906780362,0.15739183127880096,0.004704227205365896,0.004704227205365896,0.00019263577996753156,0.04513470083475113,0.0012246854603290558,0.0012246854603290558,46.71262914334912,51.590909090909086,8.07424416662169,3.965659751381193
61,,,,,0.00020735424186568707,0.050189610570669174,0.0013584175612777472,0.0013584175612777472,,,,
62,,,,,0.00018175483273807913,0.04261809587478638,0.0011563297593966126,0.0011563297593966126,,,,
63,,,,,0.00018304967670701444,0.043285269290208817,0.0011736566666513681,0.0011736566666513681,,,,
64,,,,,0.00018601177725940943,0.044079143553972244,0.00119498441927135,0.00119498441927135,,,,
65,,,,,0.00018880284915212542,0.04536456987261772,0.001228515524417162,0.001228515524417162,,,,
66,,,,,0.0001786189095582813,0.04349051043391228,0.00117657205555588,0.00117657205555588,,,,
67,,,,,0.0001896815956570208,0.04491278529167175,0.0012176604941487312,0.0012176604941487312,,,,
68,,,,,0.00018447157344780862,0.042954087257385254,0.00116608792450279,0.00116608792450279,,,,
69,,,,,0.00016726399189792573,0.04132944345474243,0.001116868108510971,0.001116868108510971,,,,
70,0.0017105665756389499,0.17975234985351562,0.005349092185497284,0.005349092185497284,0.00018609971448313445,0.04450090974569321,0.0012055726256221533,0.0012055726256221533,48.12197980460338,50.45454545454545,17.32259982052552,3.8794670359176746
71,,,,,0.00018427838222123682,0.04596762731671333,0.00124132982455194,0.00124132982455194,,,,
72,,,,,0.00017009854491334409,0.040510766208171844,0.0010978183709084988,0.0010978183709084988,,,,
73,,,,,0.00016925450472626835,0.04015553742647171,0.0010885156225413084,0.0010885156225413084,,,,
74,,,,,0.0001878554030554369,0.04560555890202522,0.0012340666726231575,0.0012340666726231575,,,,
75,,,,,0.00017616816330701113,0.04235713556408882,0.0011470125755295157,0.0011470125755295157,,,,
76,,,,,0.00016681832494214177,0.04000173881649971,0.0010834526037797332,0.0010834526037797332,,,,
77,,,,,0.00017032436153385788,0.04083631932735443,0.0011060702381655574,0.0011060702381655574,,,,
78,,,,,0.00017375075549352914,0.04078672453761101,0.0011065434664487839,0.0011065434664487839,,,,
79,,,,,0.00017282993940170854,0.03932833671569824,0.001069623394869268,0.001069623394869268,,,,
80,0.0013667449820786715,0.1492713987827301,0.004415156785398722,0.004415156785398722,0.00016936188330873847,0.039060745388269424,0.0010611994657665491,0.0010611994657665491,46.0146423628538,48.863636363636374,6.102462136287814,3.945951516570693
81,,,,,0.00016222571139223874,0.03778837248682976,0.0010258221300318837,0.0010258221300318837,,,,
82,,,,,0.000170129889738746,0.04060778766870499,0.0011002594837918878,0.0011002594837918878,,,,
83,,,,,0.00015961413737386465,0.03845703974366188,0.0010412330739200115,0.0010412330739200115,,,,
84,,,,,0.00015851003990974277,0.038155388087034225,0.0010331396479159594,0.0010331396479159594,,,,
85,,,,,0.00015336334763560444,0.03639574721455574,0.0009865753818303347,0.0009865753818303347,,,,
86,,,,,0.00016987988783512264,0.0393107570707798,0.001067708944901824,0.001067708944901824,,,,
87,,,,,0.00017274143465328962,0.03922288492321968,0.001066942815668881,0.001066942815668881,,,,
88,,,,,0.0001707944757072255,0.04083563759922981,0.0011062881676480174,0.0011062881676480174,,,,
89,,,,,0.00016133942699525505,0.03706922009587288,0.001007400220260024,0.001007400220260024,,,,
90,0.0015489854849874973,0.15758061408996582,0.004714007955044508,0.004714007955044508,0.00016008998500183225,0.03730989620089531,0.001012792345136404,0.001012792345136404,47.02825943973521,50.45454545454546,12.021754639853542,5.539960057827933
91,,,,,0.0001250614586751908,0.02790132910013199,0.0007600639946758747,0.0007600639946758747,,,,
92,,,,,0.00011634714610408992,0.025704942643642426,0.0007007971871644258,0.0007007971871644258,,,,
93,,,,,0.0001110319935833104,0.023736633360385895,0.000648931716568768,0.000648931716568768,,,,
94,,,,,0.00011051147885154933,0.023655638098716736,0.0006466467748396099,0.0006466467748396099,,,,
95,,,,,0.00011223740148125216,0.02468796819448471,0.000673317932523787,0.000673317932523787,,,,
96,,,,,0.0001057647677953355,0.021988656371831894,0.0006025988841429353,0.0006025988841429353,,,,
97,,,,,0.0001057601475622505,0.02180555835366249,0.0005980190471746027,0.0005980190471746027,,,,
98,,,,,0.00010402897896710783,0.02265745773911476,0.0006184510421007872,0.0006184510421007872,,,,
99,,,,,0.00010521044168854132,0.022077664732933044,0.0006045467453077435,0.0006045467453077435,,,,
100,0.0013342557940632105,0.13985183835029602,0.004163424018770456,0.004163424018770456,0.00010523399396333843,0.021291300654411316,0.0005848995642736554,0.0005848995642736554,51.684480104986974,54.545454545454554,5.767041331263322,3.54284176917216
101,,,,,0.00010199365351581946,0.02147803083062172,0.0005879476084373891,0.0005879476084373891,,,,
102,,,,,0.0001003044453682378,0.020494401454925537,0.0005625123158097267,0.0005625123158097267,,,,
103,,,,,9.625931124901399e-05,0.019532790407538414,0.0005364494281820953,0.0005364494281820953,,,,
104,,,,,0.00010177943477174267,0.02108590677380562,0.0005780374049209058,0.0005780374049209058,,,,
105,,,,,9.854911331785843e-05,0.020643433555960655,0.0005653603584505618,0.0005653603584505618,,,,
106,,,,,9.924044570652768e-05,0.020319268107414246,0.0005576019175350666,0.0005576019175350666,,,,
107,,,,,9.775145736057311e-05,0.02004651166498661,0.0005500385304912925,0.0005500385304912925,,,,
108,,,,,9.708545258035883e-05,0.02098740264773369,0.0005732277641072869,0.0005732277641072869,,,,
109,,,,,9.952455729944631e-05,0.019569355994462967,0.0005389961297623813,0.0005389961297623813,,,,
110,0.001433938043192029,0.14100851118564606,0.0042421817779541016,0.0042421817779541016,9.60824909270741e-05,0.018620213493704796,0.000513546634465456,0.000513546634465456,52.34132004667824,54.77272727272727,6.67818291151025,3.382586556772946
111,,,,,9.814331860980019e-05,0.019442344084382057,0.0005351302679628134,0.0005351302679628134,,,,
112,,,,,9.377155220136046e-05,0.019729455932974815,0.0005401222151704133,0.0005401222151704133,,,,
113,,,,,9.691503510111943e-05,0.019215594977140427,0.0005288474494591355,0.0005288474494591355,,,,
114,,,,,9.659739589551464e-05,0.0206952765583992,0.0005656806170009077,0.0005656806170009077,,,,
115,,,,,9.709712321637198e-05,0.019610019400715828,0.0005387990386225283,0.0005387990386225283,,,,
116,,,,,9.24276901059784e-05,0.01842624880373478,0.0005068700411356986,0.0005068700411356986,,,,
117,,,,,9.109365055337548e-05,0.01831955462694168,0.0005035356734879315,0.0005035356734879315,,,,
118,,,,,9.216101898346096e-05,0.019063619896769524,0.0005226710345596075,0.0005226710345596075,,,,
119,,,,,9.24449268495664e-05,0.01754778064787388,0.0004849170509260148,0.0004849170509260148,,,,
120,0.001435583457350731,0.14706070721149445,0.004394310526549816,0.004394310526549816,9.143841452896595e-05,0.01841847226023674,0.0005061809788458049,0.0005061809788458049,52.51921325733401,55.00000000000001,5.923075151874086,3.404226216149854
121,,,,,9.165349911199883e-05,0.017838912084698677,0.0004917995538562536,0.0004917995538562536,,,,
122,,,,,9.459821012569591e-05,0.01937578245997429,0.0005316936876624823,0.0005316936876624823,,,,
123,,,,,8.841999806463718e-05,0.01739332638680935,0.0004790431703440845,0.0004790431703440845,,,,
124,,,,,9.041540761245415e-05,0.017462536692619324,0.00048177107237279415,0.00048177107237279415,,,,
125,,,,,8.73052267706953e-05,0.016773290932178497,0.00046298486995510757,0.00046298486995510757,,,,
126,,,,,8.603947935625911e-05,0.016301264986395836,0.0004505514516495168,0.0004505514516495168,,,,
127,,,,,8.610630175098777e-05,0.016429508104920387,0.00045379085349850357,0.00045379085349850357,,,,
128,,,,,9.189221600536257e-05,0.017923632636666298,0.0004940369399264455,0.0004940369399264455,,,,
129,,,,,8.815834007691592e-05,0.018198281526565552,0.0004990362212993205,0.0004990362212993205,,,,
130,0.0015015032840892673,0.1452866792678833,0.004382919054478407,0.004382919054478407,8.791300206212327e-05,0.017624612897634506,0.00048457185039296746,0.00048457185039296746,52.88902418776239,55.22727272727273,6.610582239274289,3.3736629388653316
131,,,,,8.986506873043254e-05,0.017192697152495384,0.0004747499478980899,0.0004747499478980899,,,,
132,,,,,8.558081754017621e-05,0.016931986436247826,0.00046609010314568877,0.00046609010314568877,,,,
133,,,,,8.830984006635845e-05,0.017236797139048576,0.00047507486306130886,0.00047507486306130886,,,,
134,,,,,8.959124534158036e-05,0.01705239899456501,0.0004711056244559586,0.0004711056244559586,,,,
135,,,,,8.526340388925746e-05,0.016753125935792923,0.0004614598583430052,0.0004614598583430052,,,,
136,,,,,8.583916496718302e-05,0.017213528975844383,0.00047325785271823406,0.00047325785271823406,,,,
137,,,,,8.536814857507125e-05,0.01641613245010376,0.00045308738481253386,0.00045308738481253386,,,,
138,,,,,8.8691791461315e-05,0.016488242894411087,0.00045655202120542526,0.00045655202120542526,,,,
139,,,,,8.939272811403498e-05,0.01675664633512497,0.00046361255226656795,0.00046361255226656795,,,,
140,0.0014822424855083227,0.14243941009044647,0.00430210679769516,0.00430210679769516,8.600713044870645e-05,0.016681600362062454,0.0004600436077453196,0.0004600436077453196,52.98424430932207,55.454545454545446,5.875332179546583,3.337345635375151
141,,,,,8.79111685208045e-05,0.016819361597299576,0.00046443959581665695,0.00046443959581665695,,,,
142,,,,,8.812306623440236e-05,0.01710544526576996,0.0004716977127827704,0.0004716977127827704,,,,
143,,,,,8.616622653789818e-05,0.016395946964621544,0.00045298176701180637,0.00045298176701180637,,,,
144,,,,,8.978897676570341e-05,0.017098363488912582,0.0004723535676021129,0.0004723535676021129,,,,
145,,,,,8.634538244223222e-05,0.0163703765720129,0.00045243208296597004,0.00045243208296597004,,,,
146,,,,,8.77152633620426e-05,0.01724676415324211,0.00047502669622190297,0.00047502669622190297,,,,
147,,,,,8.718913159100339e-05,0.01663174480199814,0.0004593882185872644,0.0004593882185872644,,,,
148,,,,,8.753069414524361e-05,0.01648412086069584,0.0004558683722279966,0.0004558683722279966,,,,
149,,,,,8.680633618496358e-05,0.01637464202940464,0.0004527691926341504,0.0004527691926341504,,,,
150,0.001469759619794786,0.1424376368522644,0.004295820835977793,0.004295820835977793,9.144035720964894e-05,0.017756348475813866,0.0004896289319731295,0.0004896289319731295,52.675697846045026,55.22727272727273,5.704549008392562,3.37156062147447
151,,,,,8.970330964075401e-05,0.01768985204398632,0.0004870979464612901,0.0004870979464612901,,,,
152,,,,,8.604846516391262e-05,0.01780393160879612,0.0004881225759163499,0.0004881225759163499,,,,
153,,,,,8.60555810504593e-05,0.0163414403796196,0.0004515637701842934,0.0004515637701842934,,,,
154,,,,,8.87134883669205e-05,0.017311178147792816,0.00047713620006106794,0.00047713620006106794,,,,
155,,,,,8.718470053281635e-05,0.016836218535900116,0.0004644978034775704,0.0004644978034775704,,,,
156,,,,,8.646260539535433e-05,0.016693823039531708,0.0004605769645422697,0.0004605769645422697,,,,
157,,,,,8.48027557367459e-05,0.017001254484057426,0.00046743269194848835,0.00046743269194848835,,,,
158,,,,,8.666708890814334e-05,0.016832366585731506,0.0004641427949536592,0.0004641427949536592,,,,
159,,,,,8.591733785578981e-05,0.016841474920511246,0.0004639955295715481,0.0004639955295715481,,,,
160,0.0014615497784689069,0.1406068354845047,0.004245946183800697,0.004245946183800697,8.777379844104871e-05,0.0170344989746809,0.00046974935685284436,0.00046974935685284436,52.85658516604956,55.454545454545446,5.491090868475773,3.3512552079263624
161,,,,,8.579897257732227e-05,0.016065895557403564,0.0004445468948688358,0.0004445468948688358,,,,
162,,,,,8.624876500107348e-05,0.016598820686340332,0.00045809493167325854,0.00045809493167325854,,,,
163,,,,,8.591840014560148e-05,0.016303416341543198,0.0004505446122493595,0.0004505446122493595,,,,
164,,,,,8.851935854181647e-05,0.016672281548380852,0.0004610667238011956,0.0004610667238011956,,,,
165,,,,,8.636534766992554e-05,0.01702485792338848,0.000468804151751101,0.000468804151751101,,,,
166,,,,,8.487029845127836e-05,0.0164070762693882,0.000452612031949684,0.000452612031949684,,,,
167,,,,,8.902264380594715e-05,0.017159301787614822,0.0004734938556794077,0.0004734938556794077,,,,
168,,,,,8.892291225492954e-05,0.01731572300195694,0.0004773545661009848,0.0004773545661009848,,,,
169,,,,,8.75077021191828e-05,0.0163468848913908,0.00045242602936923504,0.00045242602936923504,,,,
170,0.0014691537944599986,0.1405513435602188,0.004248360637575388,0.004248360637575388,8.171295485226437e-05,0.015600222162902355,0.0004308620700612664,0.0004308620700612664,53.01496566247135,55.45454545454545,5.776815585452114,3.3521505812831345
171,,,,,8.424974657827988e-05,0.015838738530874252,0.00043809329508803785,0.00043809329508803785,,,,
172,,,,,8.787367551121861e-05,0.017277102917432785,0.0004758644208777696,0.0004758644208777696,,,,
173,,,,,8.400528895435855e-05,0.01615830883383751,0.00044596040970645845,0.00044596040970645845,,,,
174,,,,,8.422503742622212e-05,0.016363630071282387,0.0004512032901402563,0.0004512032901402563,,,,
175,,,,,8.503077697241679e-05,0.01631295122206211,0.0004503392265178263,0.0004503392265178263,,,,
176,,,,,8.562673610867932e-05,0.01636534184217453,0.0004519469221122563,0.0004519469221122563,,,,
177,,,,,9.23013431020081e-05,0.018262891098856926,0.0005027229781262577,0.0005027229781262577,,,,
178,,,,,8.177706331480294e-05,0.015783436596393585,0.0004354744160082191,0.0004354744160082191,,,,
179,,,,,8.45559625304304e-05,0.015388473868370056,0.000426989805418998,0.000426989805418998,,,,
180,0.0014810055727139115,0.14083167910575867,0.00426129437983036,0.00426129437983036,8.685197099111974e-05,0.016543354839086533,0.00045700985356234014,0.00045700985356234014,52.75170433876741,55.22727272727273,6.037419513434512,3.353699332031097
181,,,,,8.489428728353232e-05,0.01577863283455372,0.0004369129310362041,0.0004369129310362041,,,,
182,,,,,8.784409874351695e-05,0.016309445723891258,0.0004516582121141255,0.0004516582121141255,,,,
183,,,,,8.19895722088404e-05,0.015697864815592766,0.00043344139703549445,0.00043344139703549445,,,,
184,,,,,8.489925676258281e-05,0.015996767207980156,0.00044236882240511477,0.00044236882240511477,,,,
185,,,,,8.378869097214192e-05,0.015775684267282486,0.00043628650018945336,0.00043628650018945336,,,,
186,,,,,8.550962229492143e-05,0.016165785491466522,0.00044689944479614496,0.00044689944479614496,,,,
187,,,,,8.51765726110898e-05,0.016224991530179977,0.0004482130752876401,0.0004482130752876401,,,,
188,,,,,8.45697068143636e-05,0.01571032404899597,0.0004350429226178676,0.0004350429226178676,,,,
189,,,,,8.737031021155417e-05,0.016999946907162666,0.0004686838074121624,0.0004686838074121624,,,,
190,0.0014727616216987371,0.14116249978542328,0.004265442956238985,0.004265442956238985,8.6884931079112e-05,0.016627969220280647,0.0004591417091432959,0.0004591417091432959,53.04871221803321,55.45454545454545,5.9943293001601905,3.359760156945213
191,,,,,8.597207488492131e-05,0.016371581703424454,0.0004522755916696042,0.0004522755916696042,,,,
192,,,,,8.498877286911011e-05,0.015371530316770077,0.00042678264435380697,0.00042678264435380697,,,,
193,,,,,8.495646034134552e-05,0.016491388902068138,0.00045476295053958893,0.00045476295053958893,,,,
194,,,,,8.731322304811329e-05,0.01610543020069599,0.00044629236799664795,0.00044629236799664795,,,,
195,,,,,8.293961582239717e-05,0.01578974910080433,0.0004362135077826679,0.0004362135077826679,,,,
196,,,,,8.548720506951213e-05,0.016526691615581512,0.00045591092202812433,0.00045591092202812433,,,,
197,,,,,8.60686632222496e-05,0.01659477688372135,0.00045790374861098826,0.00045790374861098826,,,,
198,,,,,8.578572305850685e-05,0.01656893454492092,0.00045711619895882905,0.00045711619895882905,,,,
199,,,,,8.562899893149734e-05,0.01591036096215248,0.0004405735235195607,0.0004405735235195607,,,,
200,0.0014591891085729003,0.14006970822811127,0.004231337457895279,0.004231337457895279,8.696387521922588e-05,0.01679237373173237,0.0004632913041859865,0.0004632913041859865,52.7966372448604,55.22727272727273,6.126850739688021,3.378019789663645
201,,,,,8.329500269610435e-05,0.01579718105494976,0.00043657704372890294,0.00043657704372890294,,,,
202,,,,,8.549659833079204e-05,0.015588161535561085,0.00043245236156508327,0.00043245236156508327,,,,
203,,,,,8.502115088049322e-05,0.01584501564502716,0.00043863593600690365,0.00043863593600690365,,,,
204,,,,,8.495434303767979e-05,0.015754954889416695,0.0004363510524854064,0.0004363510524854064,,,,
205,,,,,8.369332499569282e-05,0.0155035350471735,0.00042943505104631186,0.00042943505104631186,,,,
206,,,,,8.606619667261839e-05,0.01575094647705555,0.0004368067311588675,0.0004368067311588675,,,,
207,,,,,8.350526331923902e-05,0.016655059531331062,0.0004581290704663843,0.0004581290704663843,,,,
208,,,,,8.466631697956473e-05,0.01597445458173752,0.00044169454486109316,0.00044169454486109316,,,,
209,,,,,8.442625403404236e-05,0.016037939116358757,0.00044316158164292574,0.00044316158164292574,,,,
210,0.0014675098937004805,0.14120954275131226,0.004263993352651596,0.004263993352651596,8.693614654475823e-05,0.01783853769302368,0.0004894315497949719,0.0004894315497949719,52.94645914012857,55.227272727272734,5.575241783272631,3.362632685801485
211,,,,,8.58019120641984e-05,0.015376314520835876,0.0004273088416084647,0.0004273088416084647,,,,
212,,,,,8.475442155031487e-05,0.015944140031933784,0.00044098071521148086,0.00044098071521148086,,,,
213,,,,,8.392048039240763e-05,0.01551153976470232,0.0004297487030271441,0.0004297487030271441,,,,
214,,,,,8.565660391468555e-05,0.016327226534485817,0.00045100899296812713,0.00045100899296812713,,,,
215,,,,,8.414220792474225e-05,0.01618400402367115,0.0004466712416615337,0.0004466712416615337,,,,
216,,,,,8.542846626369283e-05,0.016027096658945084,0.00044339161831885576,0.00044339161831885576,,,,
217,,,,,8.49223870318383e-05,0.015541447326540947,0.0004309973737690598,0.0004309973737690598,,,,
218,,,,,8.340069325640798e-05,0.01605195924639702,0.000442999298684299,0.000442999298684299,,,,
219,,,,,8.434174378635362e-05,0.01577061600983143,0.00043643629760481417,0.00043643629760481417,,,,
220,0.0014815424801781774,0.1426844745874405,0.004307882860302925,0.004307882860302925,8.637804421596229e-05,0.016120994463562965,0.00044621393317356706,0.00044621393317356706,52.91722111668955,55.22727272727273,6.123656246712,3.36348755641298
221,,,,,8.570795034756884e-05,0.01595488004386425,0.0004417260061018169,0.0004417260061018169,,,,
222,,,,,8.372437150683254e-05,0.01599724590778351,0.0004417933232616633,0.0004417933232616633,,,,
223,,,,,8.506455196766183e-05,0.01620636135339737,0.0004476913018152118,0.0004476913018152118,,,,
224,,,,,8.483597775921226e-05,0.015843505039811134,0.00043850557995028794,0.00043850557995028794,,,,
225,,,,,8.190063090296462e-05,0.015232201665639877,0.00042175533599220216,0.00042175533599220216,,,,
226,,,,,8.401423110626638e-05,0.01636609248816967,0.000451159430667758,0.000451159430667758,,,,
227,,,,,8.281472400994971e-05,0.015012010931968689,0.00041670765494927764,0.00041670765494927764,,,,
228,,,,,8.201411401387304e-05,0.015573913231492043,0.00043035484850406647,0.00043035484850406647,,,,
229,,,,,8.33922895253636e-05,0.016082709655165672,0.00044376388541422784,0.00044376388541422784,,,,
230,0.0014706478687003255,0.14178667962551117,0.0042799911461770535,0.0042799911461770535,8.113786316243932e-05,0.014630422927439213,0.0004063294909428805,0.0004063294909428805,52.96016235403047,55.22727272727273,6.015950699382862,3.37217609502457
231,,,,,8.296996384160593e-05,0.016027899459004402,0.0004421824705787003,0.0004421824705787003,,,,
232,,,,,8.032561891013756e-05,0.01569458469748497,0.00043252744944766164,0.00043252744944766164,,,,
233,,,,,8.384544344153255e-05,0.016338160261511803,0.0004503767122514546,0.0004503767122514546,,,,
234,,,,,8.534830703865737e-05,0.01585576683282852,0.0004390683607198298,0.0004390683607198298,,,,
235,,,,,8.59024585224688e-05,0.016282064840197563,0.0004500028444454074,0.0004500028444454074,,,,
236,,,,,8.344481466338038e-05,0.016109101474285126,0.0004444499500095844,0.0004444499500095844,,,,
237,,,,,8.481543773086742e-05,0.015936532989144325,0.0004408210515975952,0.0004408210515975952,,,,
238,,,,,8.317480387631804e-05,0.015752382576465607,0.00043539697071537375,0.00043539697071537375,,,,
239,,,,,8.083909779088572e-05,0.015081752091646194,0.0004174634232185781,0.0004174634232185781,,,,
240,0.0014832926681265235,0.142302006483078,0.0042991964146494865,0.0042991964146494865,8.24486996862106e-05,0.016217254102230072,0.0004466557002160698,0.0004466557002160698,53.083972616750955,55.45454545454545,6.115191185457398,3.3687593334699204
241,,,,,8.44029855215922e-05,0.015951821580529213,0.0004409970424603671,0.0004409970424603671,,,,
242,,,,,8.696007716935128e-05,0.015960942953824997,0.0004425036604516208,0.0004425036604516208,,,,
243,,,,,8.181676093954593e-05,0.015992408618330956,0.00044071857701055706,0.00044071857701055706,,,,
244,,,,,8.215884008677676e-05,0.015420690178871155,0.0004265966999810189,0.0004265966999810189,,,,
245,,,,,8.494713983964175e-05,0.01533556543290615,0.00042586273048073053,0.00042586273048073053,,,,
246,,,,,8.466659346595407e-05,0.014932330697774887,0.0004156415816396475,0.0004156415816396475,,,,
247,,,,,8.37197367218323e-05,0.015206476673483849,0.00042202178156003356,0.00042202178156003356,,,,
248,,,,,8.099291153484955e-05,0.015527206473052502,0.0004286766634322703,0.0004286766634322703,,,,
249,,,,,8.787316619418561e-05,0.016538633033633232,0.00045740240602754056,0.00045740240602754056,,,,
250,0.0014731271658092737,0.14082391560077667,0.004257161635905504,0.004257161635905504,7.990386075107381e-05,0.01575419306755066,0.0004338067665230483,0.0004338067665230483,53.100474266915974,55.45454545454545,6.013984891454983,3.3474862778878345
251,,,,,8.274805441033095e-05,0.01551720779389143,0.00042930422932840884,0.00042930422932840884,,,,
252,,,,,8.081529813352972e-05,0.014967510476708412,0.0004145954444538802,0.0004145954444538802,,,,
253,,,,,8.16494066384621e-05,0.014673714525997639,0.0004076675686519593,0.0004076675686519593,,,,
254,,,,,8.292622078442946e-05,0.014833616092801094,0.00041230348870158195,0.00041230348870158195,,,,
255,,,,,8.461557445116341e-05,0.015512468293309212,0.0004301195149309933,0.0004301195149309933,,,,
256,,,,,8.34040401969105e-05,0.015041787177324295,0.00041774671990424395,0.00041774671990424395,,,,
257,,,,,8.800072828307748e-05,0.016304269433021545,0.0004516071639955044,0.0004516071639955044,,,,
258,,,,,8.002965478226542e-05,0.01538518350571394,0.00042464438593015075,0.00042464438593015075,,,,
259,,,,,8.607426570961252e-05,0.016260426491498947,0.0004495477769523859,0.0004495477769523859,,,,
260,0.0014651765814051032,0.14138604700565338,0.004267239943146706,0.004267239943146706,8.10468482086435e-05,0.015253234654664993,0.0004218543181195855,0.0004218543181195855,53.100474266915974,55.45454545454545,6.181730386932086,3.373661261648763
261,,,,,8.340540080098435e-05,0.016175756230950356,0.0004460965865291655,0.0004460965865291655,,,,
262,,,,,8.251848339568824e-05,0.015350430272519588,0.0004250199708621949,0.0004250199708621949,,,,
263,,,,,8.34514430607669e-05,0.01591063290834427,0.00043949155951850116,0.00043949155951850116,,,,
264,,,,,8.054771751631051e-05,0.015427988953888416,0.00042597364517860115,0.00042597364517860115,,,,
265,,,,,7.836782606318593e-05,0.014495260082185268,0.00040156542672775686,0.00040156542672775686,,,,
266,,,,,8.08823315310292e-05,0.014888438396155834,0.00041265206527896225,0.00041265206527896225,,,,
267,,,,,8.281710324808955e-05,0.015059186145663261,0.00041788816452026367,0.00041788816452026367,,,,
268,,,,,8.619902655482292e-05,0.015363293699920177,0.00042718183249235153,0.00042718183249235153,,,,
269,,,,,8.395784971071407e-05,0.015545366331934929,0.0004306130576878786,0.0004306130576878786,,,,
270,0.001486621331423521,0.14261069893836975,0.004308578558266163,0.004308578558266163,8.076772064669058e-05,0.015086016617715359,0.00041753429104574025,0.00041753429104574025,53.083972616750955,55.45454545454545,5.4279225328406,3.3312892183907086
271,,,,,8.138385601341724e-05,0.015653662383556366,0.0004320334701333195,0.0004320334701333195,,,,
272,,,,,8.212871034629643e-05,0.015619554556906223,0.00043155322782695293,0.00043155322782695293,,,,
273,,,,,8.25646857265383e-05,0.015206284821033478,0.0004214394430164248,0.0004214394430164248,,,,
274,,,,,8.360732317669317e-05,0.015121905133128166,0.00041985130519606173,0.00041985130519606173,,,,
275,,,,,8.150526991812512e-05,0.01571110263466835,0.0004335302219260484,0.0004335302219260484,,,,
276,,,,,8.446908759651706e-05,0.01560580637305975,0.00043237971840426326,0.00043237971840426326,,,,
277,,,,,8.129904745146632e-05,0.014773305505514145,0.0004099821380805224,0.0004099821380805224,,,,
278,,,,,8.225739293266088e-05,0.01556488312780857,0.00043025080231018364,0.00043025080231018364,,,,
279,,,,,8.210453961510211e-05,0.015066531486809254,0.00041771557880565524,0.00041771557880565524,,,,
280,0.001458816579543054,0.1402277797460556,0.004235102795064449,0.004235102795064449,8.251141116488725e-05,0.015346583910286427,0.00042492031934671104,0.00042492031934671104,53.33019158734938,55.68181818181819,5.336174121714364,3.331404221156684
281,,,,,8.186105696950108e-05,0.015364238061010838,0.00042503647273406386,0.00042503647273406386,,,,
282,,,,,8.044511923799291e-05,0.01547291874885559,0.00042704553925432265,0.00042704553925432265,,,,
283,,,,,8.281916234409437e-05,0.015481609851121902,0.0004284498863853514,0.0004284498863853514,,,,
284,,,,,7.923791417852044e-05,0.0149272745475173,0.0004128008440602571,0.0004128008440602571,,,,
285,,,,,8.309589611599222e-05,0.015578534454107285,0.0004310112854000181,0.0004310112854000181,,,,
286,,,,,8.008092117961496e-05,0.01458302978426218,0.0004046162066515535,0.0004046162066515535,,,,
287,,,,,8.063940185820684e-05,0.014806979335844517,0.00041049416176974773,0.00041049416176974773,,,,
288,,,,,8.173482638085261e-05,0.014557038433849812,0.00040479336166754365,0.00040479336166754365,,,,
289,,,,,8.049778261920437e-05,0.015273699536919594,0.0004220914270263165,0.0004220914270263165,,,,
290,0.0014812950976192951,0.14101921021938324,0.004266128409653902,0.004266128409653902,8.16987594589591e-05,0.01571030355989933,0.0004336069687269628,0.0004336069687269628,53.117640070183604,55.45454545454545,5.92716571263714,3.365877058377582
291,,,,,8.335254096891731e-05,0.016022536903619766,0.00044223968870937824,0.00044223968870937824,,,,
292,,,,,8.02622816991061e-05,0.015340455807745457,0.0004236425447743386,0.0004236425447743386,,,,
293,,,,,8.319619519170374e-05,0.015523148700594902,0.00042967681656591594,0.00042967681656591594,,,,
294,,,,,7.997820648597553e-05,0.014763498678803444,0.00040907657239586115,0.00040907657239586115,,,,
295,,,,,8.026994328247383e-05,0.014573906548321247,0.0004044826200697571,0.0004044826200697571,,,,
296,,,,,7.900097261881456e-05,0.014075001701712608,0.00039137553540058434,0.00039137553540058434,,,,
297,,,,,8.129630441544577e-05,0.01485673151910305,0.00041206643800251186,0.00041206643800251186,,,,
298,,,,,8.177160634659231e-05,0.015583540312945843,0.00043047431972809136,0.00043047431972809136,,,,
299,,,,,8.165203325916082e-05,0.014626724645495415,0.00040649413131177425,0.00040649413131177425,,,,
300,0.0014517733361572027,0.13776974380016327,0.004170130472630262,0.004170130472630262,8.151480869855732e-05,0.014933285303413868,0.0004140895325690508,0.0004140895325690508,53.4196121393117,55.68181818181819,5.861926449030751,3.360673860497567
